id,unite,partie,partie_id,partie_title,book_page,group_no,group,entry_in_group,fr,zh,ipa,ipa_status,source_type,lemma_in_book,original,source_file
U01P01-G01-E01,1,1,U01P01,"Les loisirs (1), les nombres (1)",21,1,Les loisirs,1,l’art (m.),艺术,/laʁ/,manual_draft_review_needed,printed_bullet,l’art (m.),l’art (m.),Édito A1_2022 LE.pdf
U01P01-G01-E02,1,1,U01P01,"Les loisirs (1), les nombres (1)",21,1,Les loisirs,2,le cinéma,电影；电影院,/lə sinema/,manual_draft_review_needed,printed_bullet,le cinéma,le cinéma,Édito A1_2022 LE.pdf
U01P01-G01-E03,1,1,U01P01,"Les loisirs (1), les nombres (1)",21,1,Les loisirs,3,les langues (f.),语言；外语,/le lɑ̃ɡ/,manual_draft_review_needed,printed_bullet,les langues (f.),les langues (f.),Édito A1_2022 LE.pdf
U01P01-G01-E04,1,1,U01P01,"Les loisirs (1), les nombres (1)",21,1,Les loisirs,4,la musique,音乐,/la myzik/,manual_draft_review_needed,printed_bullet,la musique,la musique,Édito A1_2022 LE.pdf
U01P01-G01-E05,1,1,U01P01,"Les loisirs (1), les nombres (1)",21,1,Les loisirs,5,le sport,运动；体育,/lə spɔʁ/,manual_draft_review_needed,printed_bullet,le sport,le sport,Édito A1_2022 LE.pdf
U01P01-G02-E01,1,1,U01P01,"Les loisirs (1), les nombres (1)",21,2,Les nombres de 32 à 69,1,trente-deux,32（三十二）,/tʁɑ̃t dø/,manual_draft_review_needed,printed_bullet,32 trente-deux,32 trente-deux,Édito A1_2022 LE.pdf
U01P01-G02-E02,1,1,U01P01,"Les loisirs (1), les nombres (1)",21,2,Les nombres de 32 à 69,2,trente-trois,33（三十三）,/tʁɑ̃t tʁwa/,manual_draft_review_needed,printed_bullet,33 trente-trois,33 trente-trois,Édito A1_2022 LE.pdf
U01P01-G02-E03,1,1,U01P01,"Les loisirs (1), les nombres (1)",21,2,Les nombres de 32 à 69,3,trente-quatre,34（三十四）,/tʁɑ̃t katʁ/,manual_draft_review_needed,printed_bullet,34 trente-quatre,34 trente-quatre,Édito A1_2022 LE.pdf
U01P01-G02-E04,1,1,U01P01,"Les loisirs (1), les nombres (1)",21,2,Les nombres de 32 à 69,4,trente-cinq,35（三十五）,/tʁɑ̃t sɛ̃k/,manual_draft_review_needed,printed_bullet,35 trente-cinq,35 trente-cinq,Édito A1_2022 LE.pdf
U01P01-G02-E05,1,1,U01P01,"Les loisirs (1), les nombres (1)",21,2,Les nombres de 32 à 69,5,trente-six,36（三十六）,/tʁɑ̃t sis/,manual_draft_review_needed,printed_bullet,36 trente-six,36 trente-six,Édito A1_2022 LE.pdf
U01P01-G02-E06,1,1,U01P01,"Les loisirs (1), les nombres (1)",21,2,Les nombres de 32 à 69,6,trente-sept,37（三十七）,/tʁɑ̃t sɛt/,manual_draft_review_needed,printed_bullet,37 trente-sept,37 trente-sept,Édito A1_2022 LE.pdf
U01P01-G02-E07,1,1,U01P01,"Les loisirs (1), les nombres (1)",21,2,Les nombres de 32 à 69,7,trente-huit,38（三十八）,/tʁɑ̃t ɥit/,manual_draft_review_needed,printed_bullet,38 trente-huit,38 trente-huit,Édito A1_2022 LE.pdf
U01P01-G02-E08,1,1,U01P01,"Les loisirs (1), les nombres (1)",21,2,Les nombres de 32 à 69,8,trente-neuf,39（三十九）,/tʁɑ̃t nœf/,manual_draft_review_needed,printed_bullet,39 trente-neuf,39 trente-neuf,Édito A1_2022 LE.pdf
U01P01-G02-E09,1,1,U01P01,"Les loisirs (1), les nombres (1)",21,2,Les nombres de 32 à 69,9,quarante,40（四十）,/kaʁɑ̃t/,manual_draft_review_needed,printed_bullet,40 quarante,40 quarante,Édito A1_2022 LE.pdf
U01P01-G02-E10,1,1,U01P01,"Les loisirs (1), les nombres (1)",21,2,Les nombres de 32 à 69,10,quarante et un,41（四十一）,/kaʁɑ̃t e œ̃/,manual_draft_review_needed,printed_bullet,41 quarante et un,41 quarante et un,Édito A1_2022 LE.pdf
U01P01-G02-E11,1,1,U01P01,"Les loisirs (1), les nombres (1)",21,2,Les nombres de 32 à 69,11,quarante-deux,42（四十二）,/kaʁɑ̃t dø/,manual_draft_review_needed,printed_bullet,42 quarante-deux,42 quarante-deux,Édito A1_2022 LE.pdf
U01P01-G02-E12,1,1,U01P01,"Les loisirs (1), les nombres (1)",21,2,Les nombres de 32 à 69,12,cinquante,50（五十）,/sɛ̃kɑ̃t/,manual_draft_review_needed,printed_bullet,50 cinquante,50 cinquante,Édito A1_2022 LE.pdf
U01P01-G02-E13,1,1,U01P01,"Les loisirs (1), les nombres (1)",21,2,Les nombres de 32 à 69,13,cinquante et un,51（五十一）,/sɛ̃kɑ̃t e œ̃/,manual_draft_review_needed,printed_bullet,51 cinquante et un,51 cinquante et un,Édito A1_2022 LE.pdf
U01P01-G02-E14,1,1,U01P01,"Les loisirs (1), les nombres (1)",21,2,Les nombres de 32 à 69,14,soixante,60（六十）,/swasɑ̃t/,manual_draft_review_needed,printed_bullet,60 soixante,60 soixante,Édito A1_2022 LE.pdf
U01P01-G02-E15,1,1,U01P01,"Les loisirs (1), les nombres (1)",21,2,Les nombres de 32 à 69,15,soixante et un,61（六十一）,/swasɑ̃t e œ̃/,manual_draft_review_needed,printed_bullet,61 soixante et un,61 soixante et un,Édito A1_2022 LE.pdf
U01P01-G02-E16,1,1,U01P01,"Les loisirs (1), les nombres (1)",21,2,Les nombres de 32 à 69,16,soixante-neuf,69（六十九）,/swasɑ̃t nœf/,manual_draft_review_needed,printed_bullet,69 soixante-neuf,69 soixante-neuf,Édito A1_2022 LE.pdf
U01P02-G01-E01,1,2,U01P02,"Les pays et nationalités, l’identité, les nombres (2)",27,1,Les pays et les nationalités,1,l’Algérie – algérien(ne),阿尔及利亚；阿尔及利亚的／阿尔及利亚人（男／女）,/lalʒeʁi / alʒeʁjɛ̃ / alʒeʁjɛn/,manual_draft_review_needed,printed_bullet,l’Algérie – algérien(ne),l’Algérie – algérien(ne),Édito A1_2022 LE.pdf
U01P02-G01-E02,1,2,U01P02,"Les pays et nationalités, l’identité, les nombres (2)",27,1,Les pays et les nationalités,2,l’Allemagne – allemand(e),德国；德国的／德国人（男／女）,/lalmaɲ / almɑ̃ / almɑ̃d/,manual_draft_review_needed,printed_bullet,l’Allemagne – allemand(e),l’Allemagne – allemand(e),Édito A1_2022 LE.pdf
U01P02-G01-E03,1,2,U01P02,"Les pays et nationalités, l’identité, les nombres (2)",27,1,Les pays et les nationalités,3,l’Argentine – argentin(e),阿根廷；阿根廷的／阿根廷人（男／女）,/laʁʒɑ̃tin / aʁʒɑ̃tɛ̃ / aʁʒɑ̃tin/,manual_draft_review_needed,printed_bullet,l’Argentine – argentin(e),l’Argentine – argentin(e),Édito A1_2022 LE.pdf
U01P02-G01-E04,1,2,U01P02,"Les pays et nationalités, l’identité, les nombres (2)",27,1,Les pays et les nationalités,4,la Belgique – belge,比利时；比利时的／比利时人,/la bɛlʒik / bɛlʒ/,manual_draft_review_needed,printed_bullet,la Belgique – belge,la Belgique – belge,Édito A1_2022 LE.pdf
U01P02-G01-E05,1,2,U01P02,"Les pays et nationalités, l’identité, les nombres (2)",27,1,Les pays et les nationalités,5,le Brésil – brésilien(ne),巴西；巴西的／巴西人（男／女）,/lə bʁezil / bʁeziljɛ̃ / bʁeziljɛn/,manual_draft_review_needed,printed_bullet,le Brésil – brésilien(ne),le Brésil – brésilien(ne),Édito A1_2022 LE.pdf
U01P02-G01-E06,1,2,U01P02,"Les pays et nationalités, l’identité, les nombres (2)",27,1,Les pays et les nationalités,6,le Cameroun – camerounais(e),喀麦隆；喀麦隆的／喀麦隆人（男／女）,/lə kamʁun / kamʁunɛ / kamʁunɛz/,manual_draft_review_needed,printed_bullet,le Cameroun – camerounais(e),le Cameroun – camerounais(e),Édito A1_2022 LE.pdf
U01P02-G01-E07,1,2,U01P02,"Les pays et nationalités, l’identité, les nombres (2)",27,1,Les pays et les nationalités,7,le Canada – canadien(ne),加拿大；加拿大的／加拿大人（男／女）,/lə kanada / kanadjɛ̃ / kanadjɛn/,manual_draft_review_needed,printed_bullet,le Canada – canadien(ne),le Canada – canadien(ne),Édito A1_2022 LE.pdf
U01P02-G01-E08,1,2,U01P02,"Les pays et nationalités, l’identité, les nombres (2)",27,1,Les pays et les nationalités,8,la Chine – chinois(e),中国；中国的／中国人（男／女）,/la ʃin / ʃinwa / ʃinwaz/,manual_draft_review_needed,printed_bullet,la Chine – chinois(e),la Chine – chinois(e),Édito A1_2022 LE.pdf
U01P02-G01-E09,1,2,U01P02,"Les pays et nationalités, l’identité, les nombres (2)",27,1,Les pays et les nationalités,9,la Colombie – colombien(ne),哥伦比亚；哥伦比亚的／哥伦比亚人（男／女）,/la kɔlɔ̃bi / kɔlɔ̃bjɛ̃ / kɔlɔ̃bjɛn/,manual_draft_review_needed,printed_bullet,la Colombie – colombien(ne),la Colombie – colombien(ne),Édito A1_2022 LE.pdf
U01P02-G01-E10,1,2,U01P02,"Les pays et nationalités, l’identité, les nombres (2)",27,1,Les pays et les nationalités,10,le Congo – congolais(e),刚果；刚果的／刚果人（男／女）,/lə kɔ̃ɡo / kɔ̃ɡolɛ / kɔ̃ɡolɛz/,manual_draft_review_needed,printed_bullet,le Congo – congolais(e),le Congo – congolais(e),Édito A1_2022 LE.pdf
U01P02-G01-E11,1,2,U01P02,"Les pays et nationalités, l’identité, les nombres (2)",27,1,Les pays et les nationalités,11,la Corée – coréen(ne),韩国／朝鲜；韩国的／朝鲜的；韩国人／朝鲜人（男／女）,/la kɔʁe / kɔʁeɛ̃ / kɔʁeɛn/,manual_draft_review_needed,printed_bullet,la Corée – coréen(ne),la Corée – coréen(ne),Édito A1_2022 LE.pdf
U01P02-G01-E12,1,2,U01P02,"Les pays et nationalités, l’identité, les nombres (2)",27,1,Les pays et les nationalités,12,l’Espagne – espagnol(e),西班牙；西班牙的／西班牙人（男／女）,/lɛspaɲ / ɛspaɲɔl/,manual_draft_review_needed,printed_bullet,l’Espagne – espagnol(e),l’Espagne – espagnol(e),Édito A1_2022 LE.pdf
U01P02-G01-E13,1,2,U01P02,"Les pays et nationalités, l’identité, les nombres (2)",27,1,Les pays et les nationalités,13,les États-Unis – américain(e),美国；美国的／美国人（男／女）,/lez etaz yni / ameʁikɛ̃ / ameʁikɛn/,manual_draft_review_needed,printed_bullet,les États-Unis – américain(e),les États-Unis – américain(e),Édito A1_2022 LE.pdf
U01P02-G01-E14,1,2,U01P02,"Les pays et nationalités, l’identité, les nombres (2)",27,1,Les pays et les nationalités,14,la France – français(e),法国；法国的／法国人（男／女）,/la fʁɑ̃s / fʁɑ̃sɛ / fʁɑ̃sɛz/,manual_draft_review_needed,printed_bullet,la France – français(e),la France – français(e),Édito A1_2022 LE.pdf
U01P02-G01-E15,1,2,U01P02,"Les pays et nationalités, l’identité, les nombres (2)",27,1,Les pays et les nationalités,15,l’Inde – indien(ne),印度；印度的／印度人（男／女）,/lɛ̃d / ɛ̃djɛ̃ / ɛ̃djɛn/,manual_draft_review_needed,printed_bullet,l’Inde – indien(ne),l’Inde – indien(ne),Édito A1_2022 LE.pdf
U01P02-G01-E16,1,2,U01P02,"Les pays et nationalités, l’identité, les nombres (2)",27,1,Les pays et les nationalités,16,l’Italie – italien(ne),意大利；意大利的／意大利人（男／女）,/litali / italjɛ̃ / italjɛn/,manual_draft_review_needed,printed_bullet,l’Italie – italien(ne),l’Italie – italien(ne),Édito A1_2022 LE.pdf
U01P02-G01-E17,1,2,U01P02,"Les pays et nationalités, l’identité, les nombres (2)",27,1,Les pays et les nationalités,17,le Japon – japonais(e),日本；日本的／日本人（男／女）,/lə ʒapɔ̃ / ʒapɔnɛ / ʒapɔnɛz/,manual_draft_review_needed,printed_bullet,le Japon – japonais(e),le Japon – japonais(e),Édito A1_2022 LE.pdf
U01P02-G01-E18,1,2,U01P02,"Les pays et nationalités, l’identité, les nombres (2)",27,1,Les pays et les nationalités,18,le Maroc – marocain(e),摩洛哥；摩洛哥的／摩洛哥人（男／女）,/lə maʁɔk / maʁɔkɛ̃ / maʁɔkɛn/,manual_draft_review_needed,printed_bullet,le Maroc – marocain(e),le Maroc – marocain(e),Édito A1_2022 LE.pdf
U01P02-G01-E19,1,2,U01P02,"Les pays et nationalités, l’identité, les nombres (2)",27,1,Les pays et les nationalités,19,le Mexique – mexicain(e),墨西哥；墨西哥的／墨西哥人（男／女）,/lə mɛksik / mɛksikɛ̃ / mɛksikɛn/,manual_draft_review_needed,printed_bullet,le Mexique – mexicain(e),le Mexique – mexicain(e),Édito A1_2022 LE.pdf
U01P02-G01-E20,1,2,U01P02,"Les pays et nationalités, l’identité, les nombres (2)",27,1,Les pays et les nationalités,20,la Pologne – polonais(e),波兰；波兰的／波兰人（男／女）,/la pɔlɔɲ / pɔlɔnɛ / pɔlɔnɛz/,manual_draft_review_needed,printed_bullet,la Pologne – polonais(e),la Pologne – polonais(e),Édito A1_2022 LE.pdf
U01P02-G01-E21,1,2,U01P02,"Les pays et nationalités, l’identité, les nombres (2)",27,1,Les pays et les nationalités,21,les Pays-Bas – hollandais(e),荷兰；荷兰的／荷兰人（男／女）,/le pɛi ba / ɔlɑ̃dɛ / ɔlɑ̃dɛz/,manual_draft_review_needed,printed_bullet,les Pays-Bas – hollandais(e),les Pays-Bas – hollandais(e),Édito A1_2022 LE.pdf
U01P02-G01-E22,1,2,U01P02,"Les pays et nationalités, l’identité, les nombres (2)",27,1,Les pays et les nationalités,22,la Russie – russe,俄罗斯；俄罗斯的／俄罗斯人,/la ʁysi / ʁys/,manual_draft_review_needed,printed_bullet,la Russie – russe,la Russie – russe,Édito A1_2022 LE.pdf
U01P02-G01-E23,1,2,U01P02,"Les pays et nationalités, l’identité, les nombres (2)",27,1,Les pays et les nationalités,23,le Sénégal – sénégalais(e),塞内加尔；塞内加尔的／塞内加尔人（男／女）,/lə seneɡal / seneɡalɛ / seneɡalɛz/,manual_draft_review_needed,printed_bullet,le Sénégal – sénégalais(e),le Sénégal – sénégalais(e),Édito A1_2022 LE.pdf
U01P02-G01-E24,1,2,U01P02,"Les pays et nationalités, l’identité, les nombres (2)",27,1,Les pays et les nationalités,24,la Suisse – suisse,瑞士；瑞士的／瑞士人,/la sɥis / sɥis/,manual_draft_review_needed,printed_bullet,la Suisse – suisse,la Suisse – suisse,Édito A1_2022 LE.pdf
U01P02-G01-E25,1,2,U01P02,"Les pays et nationalités, l’identité, les nombres (2)",27,1,Les pays et les nationalités,25,la République Tchèque – tchèque,捷克共和国；捷克的／捷克人,/la ʁepyblik tʃɛk / tʃɛk/,manual_draft_review_needed,printed_bullet,la République Tchèque – tchèque,la République Tchèque – tchèque,Édito A1_2022 LE.pdf
U01P02-G01-E26,1,2,U01P02,"Les pays et nationalités, l’identité, les nombres (2)",27,1,Les pays et les nationalités,26,la Tunisie – tunisien(ne),突尼斯；突尼斯的／突尼斯人（男／女）,/la tynizi / tynizjɛ̃ / tynizjɛn/,manual_draft_review_needed,printed_bullet,la Tunisie – tunisien(ne),la Tunisie – tunisien(ne),Édito A1_2022 LE.pdf
U01P02-G01-E27,1,2,U01P02,"Les pays et nationalités, l’identité, les nombres (2)",27,1,Les pays et les nationalités,27,le Vietnam – vietnamien(ne),越南；越南的／越南人（男／女）,/lə vjɛtnam / vjɛtnamjɛ̃ / vjɛtnamjɛn/,manual_draft_review_needed,printed_bullet,le Vietnam – vietnamien(ne),le Vietnam – vietnamien(ne),Édito A1_2022 LE.pdf
U01P02-G02-E01,1,2,U01P02,"Les pays et nationalités, l’identité, les nombres (2)",27,2,L’identité,1,"le nom, le prénom",姓；名,/lə nɔ̃ / lə pʁenɔ̃/,manual_draft_review_needed,printed_bullet,"le nom, le prénom","le nom, le prénom",Édito A1_2022 LE.pdf
U01P02-G02-E02,1,2,U01P02,"Les pays et nationalités, l’identité, les nombres (2)",27,2,L’identité,2,la date de naissance,出生日期,/la dat də nɛsɑ̃s/,manual_draft_review_needed,printed_bullet,la date de naissance,la date de naissance,Édito A1_2022 LE.pdf
U01P02-G02-E03,1,2,U01P02,"Les pays et nationalités, l’identité, les nombres (2)",27,2,L’identité,3,le lieu de naissance,出生地,/lə ljø də nɛsɑ̃s/,manual_draft_review_needed,printed_bullet,le lieu de naissance,le lieu de naissance,Édito A1_2022 LE.pdf
U01P02-G02-E04,1,2,U01P02,"Les pays et nationalités, l’identité, les nombres (2)",27,2,L’identité,4,"le pays, la ville",国家；城市,/lə pɛi / la vil/,manual_draft_review_needed,printed_bullet,"le pays, la ville","le pays, la ville",Édito A1_2022 LE.pdf
U01P02-G03-E01,1,2,U01P02,"Les pays et nationalités, l’identité, les nombres (2)",27,3,Les coordonnées,1,"l’adresse mail (f.), le mail",电子邮箱地址；电子邮件,/ladʁɛs mɛl / lə mɛl/,manual_draft_review_needed,printed_bullet,"l’adresse mail (f.), le mail","l’adresse mail (f.), le mail",Édito A1_2022 LE.pdf
U01P02-G03-E02,1,2,U01P02,"Les pays et nationalités, l’identité, les nombres (2)",27,3,Les coordonnées,2,le compte Facebook/Instagram,Facebook／Instagram账号,/lə kɔ̃t fɛjsbuk / ɛ̃staɡʁam/,manual_draft_review_needed,printed_bullet,le compte Facebook/Instagram,le compte Facebook/Instagram,Édito A1_2022 LE.pdf
U01P02-G03-E03,1,2,U01P02,"Les pays et nationalités, l’identité, les nombres (2)",27,3,Les coordonnées,3,le numéro de téléphone,电话号码,/lə nymeʁo də telefɔn/,manual_draft_review_needed,printed_bullet,le numéro de téléphone,le numéro de téléphone,Édito A1_2022 LE.pdf
U01P02-G04-E01,1,2,U01P02,"Les pays et nationalités, l’identité, les nombres (2)",27,4,Les nombres de 70 à 100,1,soixante-dix,70（七十）,/swasɑ̃t dis/,manual_draft_review_needed,printed_bullet,70 soixante-dix,70 soixante-dix,Édito A1_2022 LE.pdf
U01P02-G04-E02,1,2,U01P02,"Les pays et nationalités, l’identité, les nombres (2)",27,4,Les nombres de 70 à 100,2,soixante et onze,71（七十一）,/swasɑ̃t e ɔ̃z/,manual_draft_review_needed,printed_bullet,71 soixante et onze,71 soixante et onze,Édito A1_2022 LE.pdf
U01P02-G04-E03,1,2,U01P02,"Les pays et nationalités, l’identité, les nombres (2)",27,4,Les nombres de 70 à 100,3,soixante-douze,72（七十二）,/swasɑ̃t duz/,manual_draft_review_needed,printed_bullet,72 soixante-douze,72 soixante-douze,Édito A1_2022 LE.pdf
U01P02-G04-E04,1,2,U01P02,"Les pays et nationalités, l’identité, les nombres (2)",27,4,Les nombres de 70 à 100,4,soixante-dix-neuf,79（七十九）,/swasɑ̃t diz nœf/,manual_draft_review_needed,printed_bullet,79 soixante-dix-neuf,79 soixante-dix-neuf,Édito A1_2022 LE.pdf
U01P02-G04-E05,1,2,U01P02,"Les pays et nationalités, l’identité, les nombres (2)",27,4,Les nombres de 70 à 100,5,quatre-vingts,80（八十）,/katʁə vɛ̃/,manual_draft_review_needed,printed_bullet,80 quatre-vingts,80 quatre-vingts,Édito A1_2022 LE.pdf
U01P02-G04-E06,1,2,U01P02,"Les pays et nationalités, l’identité, les nombres (2)",27,4,Les nombres de 70 à 100,6,quatre-vingt-un,81（八十一）,/katʁə vɛ̃ œ̃/,manual_draft_review_needed,printed_bullet,81 quatre-vingt-un,81 quatre-vingt-un,Édito A1_2022 LE.pdf
U01P02-G04-E07,1,2,U01P02,"Les pays et nationalités, l’identité, les nombres (2)",27,4,Les nombres de 70 à 100,7,quatre-vingt-dix,90（九十）,/katʁə vɛ̃ dis/,manual_draft_review_needed,printed_bullet,90 quatre-vingt-dix,90 quatre-vingt-dix,Édito A1_2022 LE.pdf
U01P02-G04-E08,1,2,U01P02,"Les pays et nationalités, l’identité, les nombres (2)",27,4,Les nombres de 70 à 100,8,quatre-vingt-onze,91（九十一）,/katʁə vɛ̃ ɔ̃z/,manual_draft_review_needed,printed_bullet,91 quatre-vingt-onze,91 quatre-vingt-onze,Édito A1_2022 LE.pdf
U01P02-G04-E09,1,2,U01P02,"Les pays et nationalités, l’identité, les nombres (2)",27,4,Les nombres de 70 à 100,9,quatre-vingt-dix-neuf,99（九十九）,/katʁə vɛ̃ diz nœf/,manual_draft_review_needed,printed_bullet,99 quatre-vingt-dix-neuf,99 quatre-vingt-dix-neuf,Édito A1_2022 LE.pdf
U01P02-G04-E10,1,2,U01P02,"Les pays et nationalités, l’identité, les nombres (2)",27,4,Les nombres de 70 à 100,10,cent,100（一百）,/sɑ̃/,manual_draft_review_needed,printed_bullet,100 cent,100 cent,Édito A1_2022 LE.pdf
U02P01-G01-E01,2,1,U02P01,"Les lieux, les loisirs (2)",35,1,Les lieux,1,l’appartement (m.),公寓,/lapaʁtəmɑ̃/,manual_draft_review_needed,printed_bullet,l’appartement (m.),l’appartement (m.),Édito A1_2022 LE.pdf
U02P01-G01-E02,2,1,U02P01,"Les lieux, les loisirs (2)",35,1,Les lieux,2,la mer,海；大海,/la mɛʁ/,manual_draft_review_needed,printed_bullet,la mer,la mer,Édito A1_2022 LE.pdf
U02P01-G01-E03,2,1,U02P01,"Les lieux, les loisirs (2)",35,1,Les lieux,3,la plage,海滩,/la plaʒ/,manual_draft_review_needed,printed_bullet,la plage,la plage,Édito A1_2022 LE.pdf
U02P01-G01-E04,2,1,U02P01,"Les lieux, les loisirs (2)",35,1,Les lieux,4,le quartier,街区；城区,/lə kaʁtje/,manual_draft_review_needed,printed_bullet,le quartier,le quartier,Édito A1_2022 LE.pdf
U02P01-G01-E05,2,1,U02P01,"Les lieux, les loisirs (2)",35,1,Les lieux,5,la rue,街道,/la ʁy/,manual_draft_review_needed,printed_bullet,la rue,la rue,Édito A1_2022 LE.pdf
U02P01-G01-E06,2,1,U02P01,"Les lieux, les loisirs (2)",35,1,Les lieux,6,l’université (f.),大学,/lynivɛʁsite/,manual_draft_review_needed,printed_bullet,l’université (f.),l’université (f.),Édito A1_2022 LE.pdf
U02P01-G02-E01,2,1,U02P01,"Les lieux, les loisirs (2)",35,2,La musique,1,l’instrument de musique (m.),乐器,/lɛ̃stʁymɑ̃ də myzik/,manual_draft_review_needed,printed_bullet,l’instrument de musique (m.),l’instrument de musique (m.),Édito A1_2022 LE.pdf
U02P01-G02-E02,2,1,U02P01,"Les lieux, les loisirs (2)",35,2,La musique,2,la guitare,吉他,/la ɡitaʁ/,manual_draft_review_needed,printed_bullet,la guitare,la guitare,Édito A1_2022 LE.pdf
U02P01-G02-E03,2,1,U02P01,"Les lieux, les loisirs (2)",35,2,La musique,3,le piano,钢琴,/lə pjano/,manual_draft_review_needed,printed_bullet,le piano,le piano,Édito A1_2022 LE.pdf
U02P01-G03-E01,2,1,U02P01,"Les lieux, les loisirs (2)",35,3,Le cinéma,1,le festival,（电影、音乐等）节；会演,/lə fɛstival/,manual_draft_review_needed,printed_bullet,le festival,le festival,Édito A1_2022 LE.pdf
U02P01-G03-E02,2,1,U02P01,"Les lieux, les loisirs (2)",35,3,Le cinéma,2,le film,电影；影片,/lə film/,manual_draft_review_needed,printed_bullet,le film,le film,Édito A1_2022 LE.pdf
U02P01-G03-E03,2,1,U02P01,"Les lieux, les loisirs (2)",35,3,Le cinéma,3,la place (de cinéma),座位；电影票,/la plas / la plas də sinema/,manual_draft_review_needed,printed_bullet,la place (de cinéma),la place (de cinéma),Édito A1_2022 LE.pdf
U02P01-G04-E01,2,1,U02P01,"Les lieux, les loisirs (2)",35,4,Le sport,1,"la danse, danser",舞蹈；跳舞,/la dɑ̃s / dɑ̃se/,manual_draft_review_needed,printed_bullet,"la danse, danser","la danse, danser",Édito A1_2022 LE.pdf
U02P01-G04-E02,2,1,U02P01,"Les lieux, les loisirs (2)",35,4,Le sport,2,"la marche, marcher",步行；散步；走路,/la maʁʃ / maʁʃe/,manual_draft_review_needed,printed_bullet,"la marche, marcher","la marche, marcher",Édito A1_2022 LE.pdf
U02P01-G04-E03,2,1,U02P01,"Les lieux, les loisirs (2)",35,4,Le sport,3,"la natation, nager",游泳（运动）；游泳,/la natasjɔ̃ / naʒe/,manual_draft_review_needed,printed_bullet,"la natation, nager","la natation, nager",Édito A1_2022 LE.pdf
U02P01-G04-E04,2,1,U02P01,"Les lieux, les loisirs (2)",35,4,Le sport,4,"le ski, skier",滑雪（运动）；滑雪,/lə ski / skje/,manual_draft_review_needed,printed_bullet,"le ski, skier","le ski, skier",Édito A1_2022 LE.pdf
U02P02-G01-E01,2,2,U02P02,"La famille, les professions",41,1,La famille,1,"les grands-parents : la grand-mère, le grand-père",祖父母／外祖父母：祖母／外祖母；祖父／外祖父,/le ɡʁɑ̃ paʁɑ̃ / la ɡʁɑ̃ mɛʁ / lə ɡʁɑ̃ pɛʁ/,manual_draft_review_needed,printed_bullet,"les grands-parents : la grand-mère, le grand-père","les grands-parents : la grand-mère, le grand-père",Édito A1_2022 LE.pdf
U02P02-G01-E02,2,2,U02P02,"La famille, les professions",41,1,La famille,2,"les parents : la mère (maman), le père (papa)",父母：母亲（妈妈）；父亲（爸爸）,/le paʁɑ̃ / la mɛʁ / mamɑ̃ / lə pɛʁ / papa/,manual_draft_review_needed,printed_bullet,"les parents : la mère (maman), le père (papa)","les parents : la mère (maman), le père (papa)",Édito A1_2022 LE.pdf
U02P02-G01-E03,2,2,U02P02,"La famille, les professions",41,1,La famille,3,"les enfants : le fils, la fille (unique)",孩子：儿子；女儿；独生儿子／独生女儿,/lez ɑ̃fɑ̃ / lə fis / la fij / ynik/,manual_draft_review_needed,printed_bullet,"les enfants : le fils, la fille (unique)","les enfants : le fils, la fille (unique)",Édito A1_2022 LE.pdf
U02P02-G01-E04,2,2,U02P02,"La famille, les professions",41,1,La famille,4,"le frère, la sœur",兄弟；姐妹,/lə fʁɛʁ / la sœʁ/,manual_draft_review_needed,printed_bullet,"le frère, la sœur","le frère, la sœur",Édito A1_2022 LE.pdf
U02P02-G01-E05,2,2,U02P02,"La famille, les professions",41,1,La famille,5,"les petits-enfants : le petit-fils, la petite-fille",孙辈／外孙辈：孙子／外孙；孙女／外孙女,/le pəti zɑ̃fɑ̃ / lə pəti fis / la pətit fij/,manual_draft_review_needed,printed_bullet,"les petits enfants : le petit-fils, la petite-fille","les petits enfants : le petit-fils, la petite-fille",Édito A1_2022 LE.pdf
U02P02-G01-E06,2,2,U02P02,"La famille, les professions",41,1,La famille,6,"l’oncle (m.), la tante",叔伯舅等男性亲属；姑姨婶等女性亲属,/lɔ̃kl / la tɑ̃t/,manual_draft_review_needed,printed_bullet,"l’oncle (m.), la tante","l’oncle (m.), la tante",Édito A1_2022 LE.pdf
U02P02-G01-E07,2,2,U02P02,"La famille, les professions",41,1,La famille,7,le/la cousin(e),堂兄弟／表兄弟；堂姐妹／表姐妹,/lə kuzɛ̃ / la kuzin/,manual_draft_review_needed,printed_bullet,le/la cousin(e),le/la cousin(e),Édito A1_2022 LE.pdf
U02P02-G01-E08,2,2,U02P02,"La famille, les professions",41,1,La famille,8,"le neveu, la nièce",侄子／外甥；侄女／外甥女,/lə nəvø la njɛs/,espeak_draft_review_needed,printed_bullet,"le neveu, la nièce","le neveu, la nièce",Édito A1_2022 LE.pdf
U02P02-G02-E01,2,2,U02P02,"La famille, les professions",41,2,La situation familiale,1,célibataire,单身的；未婚的,/selibatɛʁ/,manual_draft_review_needed,printed_bullet,célibataire,célibataire,Édito A1_2022 LE.pdf
U02P02-G02-E02,2,2,U02P02,"La famille, les professions",41,2,La situation familiale,2,le mariage,婚姻；婚礼,/lə maʁjaʒ/,manual_draft_review_needed,printed_bullet,le mariage,le mariage,Édito A1_2022 LE.pdf
U02P02-G02-E03,2,2,U02P02,"La famille, les professions",41,2,La situation familiale,3,"le mari, la femme",丈夫；妻子,/lə maʁi / la fam/,manual_draft_review_needed,printed_bullet,"le mari, la femme","le mari, la femme",Édito A1_2022 LE.pdf
U02P02-G02-E04,2,2,U02P02,"La famille, les professions",41,2,La situation familiale,4,marié(e),已婚的（男／女）,/maʁje/,manual_draft_review_needed,printed_bullet,marié(e),marié(e),Édito A1_2022 LE.pdf
U02P02-G02-E05,2,2,U02P02,"La famille, les professions",41,2,La situation familiale,5,le/la petit(e) ami(e),男朋友；女朋友,/lə pəti tami / la pətit ami/,manual_draft_review_needed,printed_bullet,le/la petit(e) ami(e),le/la petit(e) ami(e),Édito A1_2022 LE.pdf
U02P02-G03-E01,2,2,U02P02,"La famille, les professions",41,3,Les professions,1,"l’acteur, l’actrice",演员（男／女）,/laktœʁ / laktʁis/,manual_draft_review_needed,printed_bullet,"l’acteur, l’actrice","l’acteur, l’actrice",Édito A1_2022 LE.pdf
U02P02-G03-E02,2,2,U02P02,"La famille, les professions",41,3,Les professions,2,"le coiffeur, la coiffeuse",理发师（男／女）,/lə kwafœʁ / la kwaføz/,manual_draft_review_needed,printed_bullet,"le coiffeur, la coiffeuse","le coiffeur, la coiffeuse",Édito A1_2022 LE.pdf
U02P02-G03-E03,2,2,U02P02,"La famille, les professions",41,3,Les professions,3,l’étudiant(e),学生；大学生（男／女）,/letydjɑ̃ / letydjɑ̃t/,manual_draft_review_needed,printed_bullet,l’étudiant(e),l’étudiant(e),Édito A1_2022 LE.pdf
U02P02-G03-E04,2,2,U02P02,"La famille, les professions",41,3,Les professions,4,le/la fleuriste,花店店员；花商（男／女）,/lə flœʁist / la flœʁist/,manual_draft_review_needed,printed_bullet,le/la fleuriste,le/la fleuriste,Édito A1_2022 LE.pdf
U02P02-G03-E05,2,2,U02P02,"La famille, les professions",41,3,Les professions,5,"l’infirmier, l’infirmière",护士（男／女）,/lɛ̃fiʁmje / lɛ̃fiʁmjɛʁ/,manual_draft_review_needed,printed_bullet,"l’infirmier, l’infirmière","l’infirmier, l’infirmière",Édito A1_2022 LE.pdf
U02P02-G03-E06,2,2,U02P02,"La famille, les professions",41,3,Les professions,6,l’informaticien(ne),计算机技术人员；信息技术人员（男／女）,/lɛ̃fɔʁmatisjɛ̃ / lɛ̃fɔʁmatisjɛn/,manual_draft_review_needed,printed_bullet,l’informaticien(ne),l’informaticien(ne),Édito A1_2022 LE.pdf
U02P02-G03-E07,2,2,U02P02,"La famille, les professions",41,3,Les professions,7,le/la professeur(e),教师；教授（男／女）,/lə pʁɔfɛsœʁ / la pʁɔfɛsœʁ/,manual_draft_review_needed,printed_bullet,le/la professeur(e),le/la professeur(e),Édito A1_2022 LE.pdf
U03P01-G01-E01,3,1,U03P01,"Les commerces, la nourriture",49,1,Les commerces / Les commerçants,1,"la boucherie/le boucher, la bouchère",肉店；肉店店员（男／女）,/la buʃʁi / lə buʃe / la buʃɛʁ/,manual_draft_review_needed,printed_bullet,"la boucherie/le boucher, la bouchère","la boucherie/le boucher, la bouchère",Édito A1_2022 LE.pdf
U03P01-G01-E02,3,1,U03P01,"Les commerces, la nourriture",49,1,Les commerces / Les commerçants,2,"la boulangerie/le boulanger, la boulangère",面包店；面包师／面包店店员（男／女）,/la bulɑ̃ʒʁi / lə bulɑ̃ʒe / la bulɑ̃ʒɛʁ/,manual_draft_review_needed,printed_bullet,"la boulangerie/le boulanger, la boulangère","la boulangerie/le boulanger, la boulangère",Édito A1_2022 LE.pdf
U03P01-G01-E03,3,1,U03P01,"Les commerces, la nourriture",49,1,Les commerces / Les commerçants,3,"l’épicerie (f.) / l’épicier, l’épicière",杂货店；杂货店店员（男／女）,/lepisʁi / lepisje / lepisjɛʁ/,manual_draft_review_needed,printed_bullet,"l’épicerie (f.) / l’épicier, l’épicière","l’épicerie (f.) / l’épicier, l’épicière",Édito A1_2022 LE.pdf
U03P01-G01-E04,3,1,U03P01,"Les commerces, la nourriture",49,1,Les commerces / Les commerçants,4,"la fromagerie/le fromager, la fromagère",奶酪店；奶酪师／奶酪店店员（男／女）,/la fʁɔmaʒʁi / lə fʁɔmaʒe / la fʁɔmaʒɛʁ/,manual_draft_review_needed,printed_bullet,"la fromagerie/le fromager, la fromagère","la fromagerie/le fromager, la fromagère",Édito A1_2022 LE.pdf
U03P01-G01-E05,3,1,U03P01,"Les commerces, la nourriture",49,1,Les commerces / Les commerçants,5,"la poissonnerie/le poissonnier, la poissonnière",鱼店；鱼贩／鱼店店员（男／女）,/la pwasɔnʁi / lə pwasɔnje / la pwasɔnjɛʁ/,manual_draft_review_needed,printed_bullet,"la poissonnerie/le poissonnier, la poissonnière","la poissonnerie/le poissonnier, la poissonnière",Édito A1_2022 LE.pdf
U03P01-G01-E06,3,1,U03P01,"Les commerces, la nourriture",49,1,Les commerces / Les commerçants,6,le marché,集市；市场,/lə maʁʃe/,manual_draft_review_needed,printed_bullet,le marché,le marché,Édito A1_2022 LE.pdf
U03P01-G01-E07,3,1,U03P01,"Les commerces, la nourriture",49,1,Les commerces / Les commerçants,7,le supermarché,超市,/lə sypɛʁmaʁʃe/,manual_draft_review_needed,printed_bullet,le supermarché,le supermarché,Édito A1_2022 LE.pdf
U03P01-G02-E01,3,1,U03P01,"Les commerces, la nourriture",49,2,Les aliments,1,"les fruits : l’abricot (m.), la cerise, la fraise, la pêche, la pomme, la tomate…",水果：杏、樱桃、草莓、桃、苹果、番茄等,/le fʁɥi / labʁiko / la səʁiz / la fʁɛz / la pɛʃ / la pɔm / la tɔmat/,manual_draft_review_needed,printed_bullet,"les fruits : l’abricot (m.), la cerise, la fraise, la pêche, la pomme, la tomate…","les fruits : l’abricot (m.), la cerise, la fraise, la pêche, la pomme, la tomate…",Édito A1_2022 LE.pdf
U03P01-G02-E02,3,1,U03P01,"Les commerces, la nourriture",49,2,Les aliments,2,"les légumes : la courgette, les haricots verts (m.), le poivron, la pomme de terre, la salade…",蔬菜：西葫芦、四季豆、甜椒、土豆、生菜等,/le leɡym / la kuʁʒɛt / le aʁiko vɛʁ / lə pwavʁɔ̃ / la pɔm də tɛʁ / la salad/,manual_draft_review_needed,printed_bullet,"les légumes : la courgette, les haricots verts (m.), le poivron, la pomme de terre, la salade…","les légumes : la courgette, les haricots verts (m.), le poivron, la pomme de terre, la salade…",Édito A1_2022 LE.pdf
U03P01-G02-E03,3,1,U03P01,"Les commerces, la nourriture",49,2,Les aliments,3,"le pain, les viennoiseries : la baguette, le croissant…",面包；法式酥点：法棍、可颂等,/lə pɛ̃ / le vjɛnwazʁi / la baɡɛt / lə kʁwasɑ̃/,manual_draft_review_needed,printed_bullet,"le pain, les viennoiseries : la baguette, le croissant…","le pain, les viennoiseries : la baguette, le croissant…",Édito A1_2022 LE.pdf
U03P01-G02-E04,3,1,U03P01,"Les commerces, la nourriture",49,2,Les aliments,4,l’huile d’olive (f.),橄榄油,/lɥil dɔliv/,manual_draft_review_needed,printed_bullet,l’huile d’olive (f.),l’huile d’olive (f.),Édito A1_2022 LE.pdf
U03P01-G02-E05,3,1,U03P01,"Les commerces, la nourriture",49,2,Les aliments,5,"les produits laitiers : le beurre, la crème, le fromage (de chèvre), le yaourt…",乳制品：黄油、奶油、奶酪（山羊奶酪）、酸奶等,/le pʁɔdɥi lɛtje / lə bœʁ / la kʁɛm / lə fʁɔmaʒ / lə fʁɔmaʒ də ʃɛvʁ / lə jauʁt/,manual_draft_review_needed,printed_bullet,"les produits laitiers : le beurre, la crème, le fromage (de chèvre), le yaourt…","les produits laitiers : le beurre, la crème, le fromage (de chèvre), le yaourt…",Édito A1_2022 LE.pdf
U03P01-G02-E06,3,1,U03P01,"Les commerces, la nourriture",49,2,Les aliments,6,"les céréales : la farine, les pâtes, le riz…",谷物制品：面粉、意大利面、米等,/le seʁeal / la faʁin / le pɑt / lə ʁi/,manual_draft_review_needed,printed_bullet,"les céréales : la farine, les pâtes, le riz…","les céréales : la farine, les pâtes, le riz…",Édito A1_2022 LE.pdf
U03P01-G02-E07,3,1,U03P01,"Les commerces, la nourriture",49,2,Les aliments,7,l’œuf (m.),鸡蛋,/lœf/,manual_draft_review_needed,printed_bullet,l’œuf (m.),l’œuf (m.),Édito A1_2022 LE.pdf
U03P01-G02-E08,3,1,U03P01,"Les commerces, la nourriture",49,2,Les aliments,8,le poisson,鱼；鱼肉,/lə pwasɔ̃/,manual_draft_review_needed,printed_bullet,le poisson,le poisson,Édito A1_2022 LE.pdf
U03P01-G02-E09,3,1,U03P01,"Les commerces, la nourriture",49,2,Les aliments,9,le poulet,鸡肉,/lə pulɛ/,manual_draft_review_needed,printed_bullet,le poulet,le poulet,Édito A1_2022 LE.pdf
U03P01-G02-E10,3,1,U03P01,"Les commerces, la nourriture",49,2,Les aliments,10,la viande,肉；肉类,/la vjɑ̃d/,manual_draft_review_needed,printed_bullet,la viande,la viande,Édito A1_2022 LE.pdf
U03P01-G03-E01,3,1,U03P01,"Les commerces, la nourriture",49,3,Les quantités,1,une boîte de…,一盒／一罐……,/yn bwat də/,manual_draft_review_needed,printed_bullet,une boîte de…,une boîte de…,Édito A1_2022 LE.pdf
U03P01-G03-E02,3,1,U03P01,"Les commerces, la nourriture",49,3,Les quantités,2,une bouteille de…,一瓶……,/yn butɛj də/,manual_draft_review_needed,printed_bullet,une bouteille de…,une bouteille de…,Édito A1_2022 LE.pdf
U03P01-G03-E03,3,1,U03P01,"Les commerces, la nourriture",49,3,Les quantités,3,un kilo de…,一公斤……,/œ̃ kilo də/,manual_draft_review_needed,printed_bullet,un kilo de…,un kilo de…,Édito A1_2022 LE.pdf
U03P01-G03-E04,3,1,U03P01,"Les commerces, la nourriture",49,3,Les quantités,4,un panier de…,一篮……,/œ̃ panje də/,manual_draft_review_needed,printed_bullet,un panier de…,un panier de…,Édito A1_2022 LE.pdf
U03P01-G03-E05,3,1,U03P01,"Les commerces, la nourriture",49,3,Les quantités,5,un paquet de…,一包……,/œ̃ pakɛ də/,manual_draft_review_needed,printed_bullet,un paquet de…,un paquet de…,Édito A1_2022 LE.pdf
U03P01-G03-E06,3,1,U03P01,"Les commerces, la nourriture",49,3,Les quantités,6,un pot de…,一罐／一小瓶……,/œ̃ po də/,manual_draft_review_needed,printed_bullet,un pot de…,un pot de…,Édito A1_2022 LE.pdf
U03P01-G04-E01,3,1,U03P01,"Les commerces, la nourriture",49,4,Les moyens de paiement,1,la carte bancaire/bleue,银行卡,/la kaʁt bɑ̃kɛʁ / la kaʁt blø/,manual_draft_review_needed,printed_bullet,la carte bancaire/bleue,la carte bancaire/bleue,Édito A1_2022 LE.pdf
U03P01-G04-E02,3,1,U03P01,"Les commerces, la nourriture",49,4,Les moyens de paiement,2,les espèces,现金,/lez ɛspɛs/,manual_draft_review_needed,printed_bullet,les espèces,les espèces,Édito A1_2022 LE.pdf
U03P02-G01-E01,3,2,U03P02,Les repas,55,1,Au restaurant,1,l’addition (f.),账单；餐费账单,/ladisjɔ̃/,manual_draft_review_needed,printed_bullet,l’addition (f.),l’addition (f.),Édito A1_2022 LE.pdf
U03P02-G01-E02,3,2,U03P02,Les repas,55,1,Au restaurant,2,"la carte, le menu",菜单；套餐菜单,/la kaʁt / lə məny/,manual_draft_review_needed,printed_bullet,"la carte, le menu","la carte, le menu",Édito A1_2022 LE.pdf
U03P02-G01-E03,3,2,U03P02,Les repas,55,1,Au restaurant,3,le/la chef(fe),厨师；主厨（男／女）,/lə ʃɛf / la ʃɛf/,manual_draft_review_needed,printed_bullet,le/la chef(fe),le/la chef(fe),Édito A1_2022 LE.pdf
U03P02-G01-E04,3,2,U03P02,Les repas,55,1,Au restaurant,4,commander,点餐；点菜,/kɔmɑ̃de/,manual_draft_review_needed,printed_bullet,commander,commander,Édito A1_2022 LE.pdf
U03P02-G01-E05,3,2,U03P02,Les repas,55,1,Au restaurant,5,"l’entrée (f.), le plat, le dessert",前菜；主菜；甜点,/lɑ̃tʁe / lə pla / lə desɛʁ/,manual_draft_review_needed,printed_bullet,"l’entrée (f.), le plat, le dessert","l’entrée (f.), le plat, le dessert",Édito A1_2022 LE.pdf
U03P02-G01-E06,3,2,U03P02,Les repas,55,1,Au restaurant,6,la formule,套餐；套餐组合,/la fɔʁmyl/,manual_draft_review_needed,printed_bullet,la formule,la formule,Édito A1_2022 LE.pdf
U03P02-G01-E07,3,2,U03P02,Les repas,55,1,Au restaurant,7,le plat du jour,当日特色菜,/lə pla dy ʒuʁ/,manual_draft_review_needed,printed_bullet,le plat du jour,le plat du jour,Édito A1_2022 LE.pdf
U03P02-G01-E08,3,2,U03P02,Les repas,55,1,Au restaurant,8,"le sel, le poivre",盐；胡椒,/lə sɛl / lə pwavʁ/,manual_draft_review_needed,printed_bullet,"le sel, le poivre","le sel, le poivre",Édito A1_2022 LE.pdf
U03P02-G01-E09,3,2,U03P02,Les repas,55,1,Au restaurant,9,le sucre,糖,/lə sykʁ/,manual_draft_review_needed,printed_bullet,le sucre,le sucre,Édito A1_2022 LE.pdf
U03P02-G02-E01,3,2,U03P02,Les repas,55,2,Les boissons,1,"le café, le café crème",咖啡；奶咖,/lə kafe / lə kafe kʁɛm/,manual_draft_review_needed,printed_bullet,"le café, le café crème","le café, le café crème",Édito A1_2022 LE.pdf
U03P02-G02-E02,3,2,U03P02,Les repas,55,2,Les boissons,2,l’eau (f.),水,/lo/,manual_draft_review_needed,printed_bullet,l’eau (f.),l’eau (f.),Édito A1_2022 LE.pdf
U03P02-G02-E03,3,2,U03P02,Les repas,55,2,Les boissons,3,le jus de fruits,果汁,/lə ʒy də fʁɥi/,manual_draft_review_needed,printed_bullet,le jus de fruits,le jus de fruits,Édito A1_2022 LE.pdf
U03P02-G02-E04,3,2,U03P02,Les repas,55,2,Les boissons,4,le soda,汽水；碳酸饮料,/lə soda/,manual_draft_review_needed,printed_bullet,le soda,le soda,Édito A1_2022 LE.pdf
U03P02-G02-E05,3,2,U03P02,Les repas,55,2,Les boissons,5,le thé,茶,/lə te/,manual_draft_review_needed,printed_bullet,le thé,le thé,Édito A1_2022 LE.pdf
U03P02-G03-E01,3,2,U03P02,Les repas,55,3,Les plats,1,la blanquette de veau,白汁炖小牛肉,/la blɑ̃kɛt də vo/,manual_draft_review_needed,printed_bullet,la blanquette de veau,la blanquette de veau,Édito A1_2022 LE.pdf
U03P02-G03-E02,3,2,U03P02,Les repas,55,3,Les plats,2,le croque-monsieur végétarien,素食烤芝士三明治,/lə kʁɔk məsjø veʒetaʁjɛ̃/,manual_draft_review_needed,printed_bullet,le croque-monsieur végétarien,le croque-monsieur végétarien,Édito A1_2022 LE.pdf
U03P02-G03-E03,3,2,U03P02,Les repas,55,3,Les plats,3,l’omelette (f.),煎蛋饼,/lɔmlɛt/,manual_draft_review_needed,printed_bullet,l’omelette (f.),l’omelette (f.),Édito A1_2022 LE.pdf
U03P02-G03-E04,3,2,U03P02,Les repas,55,3,Les plats,4,le steak-frites,牛排配薯条,/lə stɛk fʁit/,manual_draft_review_needed,printed_bullet,le steak-frites,le steak-frites,Édito A1_2022 LE.pdf
U03P02-G03-E05,3,2,U03P02,Les repas,55,3,Les plats,5,le magret de canard,鸭胸肉,/lə maɡʁɛ də kanaʁ/,manual_draft_review_needed,printed_bullet,le magret de canard,le magret de canard,Édito A1_2022 LE.pdf
U03P02-G03-E06,3,2,U03P02,Les repas,55,3,Les plats,6,la quiche,法式咸派；法式蛋奶咸挞,/la kiʃ/,manual_draft_review_needed,printed_bullet,la quiche,la quiche,Édito A1_2022 LE.pdf
U03P02-G04-E01,3,2,U03P02,Les repas,55,4,Les desserts,1,le gâteau/la mousse au chocolat,巧克力蛋糕／巧克力慕斯,/lə ɡɑto o ʃɔkɔla / la mus o ʃɔkɔla/,manual_draft_review_needed,printed_bullet,le gâteau/la mousse au chocolat,le gâteau/la mousse au chocolat,Édito A1_2022 LE.pdf
U03P02-G04-E02,3,2,U03P02,Les repas,55,4,Les desserts,2,la glace,冰淇淋,/la ɡlas/,manual_draft_review_needed,printed_bullet,la glace,la glace,Édito A1_2022 LE.pdf
U03P02-G04-E03,3,2,U03P02,Les repas,55,4,Les desserts,3,le riz au lait,牛奶米布丁,/lə ʁi o lɛ/,manual_draft_review_needed,printed_bullet,le riz au lait,le riz au lait,Édito A1_2022 LE.pdf
U03P02-G04-E04,3,2,U03P02,Les repas,55,4,Les desserts,4,la tarte aux pommes,苹果挞；苹果派,/la taʁt o pɔm/,manual_draft_review_needed,printed_bullet,la tarte aux pommes,la tarte aux pommes,Édito A1_2022 LE.pdf
U03P02-G05-E01,3,2,U03P02,Les repas,55,5,La vaisselle,1,l’assiette (f.),盘子,/lasjɛt/,manual_draft_review_needed,printed_bullet,l’assiette (f.),l’assiette (f.),Édito A1_2022 LE.pdf
U03P02-G05-E02,3,2,U03P02,Les repas,55,5,La vaisselle,2,la carafe,玻璃水壶；餐桌水瓶,/la kaʁaf/,manual_draft_review_needed,printed_bullet,la carafe,la carafe,Édito A1_2022 LE.pdf
U03P02-G05-E03,3,2,U03P02,Les repas,55,5,La vaisselle,3,"le couteau, la cuillère, la fourchette",刀；勺子；叉子,/lə kuto / la kɥijɛʁ / la fuʁʃɛt/,manual_draft_review_needed,printed_bullet,"le couteau, la cuillère, la fourchette","le couteau, la cuillère, la fourchette",Édito A1_2022 LE.pdf
U03P02-G05-E04,3,2,U03P02,Les repas,55,5,La vaisselle,4,le verre,杯子；玻璃杯,/lə vɛʁ/,manual_draft_review_needed,printed_bullet,le verre,le verre,Édito A1_2022 LE.pdf
U04P01-G01-E01,4,1,U04P01,La ville,63,1,Les voies,1,l’avenue (f.),大街；林荫大道,/lavəny/,manual_draft_review_needed,printed_bullet,l’avenue (f.),l’avenue (f.),Édito A1_2022 LE.pdf
U04P01-G01-E02,4,1,U04P01,La ville,63,1,Les voies,2,le boulevard,林荫大道；大街,/lə bulvaʁ/,manual_draft_review_needed,printed_bullet,le boulevard,le boulevard,Édito A1_2022 LE.pdf
U04P01-G01-E03,4,1,U04P01,La ville,63,1,Les voies,3,le fleuve,入海河流；大河,/lə flœv/,manual_draft_review_needed,printed_bullet,le fleuve,le fleuve,Édito A1_2022 LE.pdf
U04P01-G01-E04,4,1,U04P01,La ville,63,1,Les voies,4,la place,广场,/la plas/,espeak_draft_review_needed,printed_bullet,la place,la place,Édito A1_2022 LE.pdf
U04P01-G01-E05,4,1,U04P01,La ville,63,1,Les voies,5,le pont,桥,/lə pɔ̃/,manual_draft_review_needed,printed_bullet,le pont,le pont,Édito A1_2022 LE.pdf
U04P01-G01-E06,4,1,U04P01,La ville,63,1,Les voies,6,le quai,河岸；码头；站台,/lə kɛ/,manual_draft_review_needed,printed_bullet,le quai,le quai,Édito A1_2022 LE.pdf
U04P01-G01-E07,4,1,U04P01,La ville,63,1,Les voies,7,la rue,街道,/la ʁy/,manual_draft_review_needed,printed_bullet,la rue,la rue,Édito A1_2022 LE.pdf
U04P01-G02-E01,4,1,U04P01,La ville,63,2,Les parties de la ville,1,la banlieue,郊区,/la bɑ̃ljø/,espeak_draft_review_needed,printed_bullet,la banlieue,la banlieue,Édito A1_2022 LE.pdf
U04P01-G02-E02,4,1,U04P01,La ville,63,2,Les parties de la ville,2,le centre-ville,市中心,/lə sɑ̃tʁ vil/,manual_draft_review_needed,printed_bullet,le centre-ville,le centre-ville,Édito A1_2022 LE.pdf
U04P01-G02-E03,4,1,U04P01,La ville,63,2,Les parties de la ville,3,le quartier,街区；城区,/lə kaʁtje/,manual_draft_review_needed,printed_bullet,le quartier,le quartier,Édito A1_2022 LE.pdf
U04P01-G03-E01,4,1,U04P01,La ville,63,3,"Les lieux, les monuments",1,la banque,银行,/la bɑ̃k/,manual_draft_review_needed,printed_bullet,la banque,la banque,Édito A1_2022 LE.pdf
U04P01-G03-E02,4,1,U04P01,La ville,63,3,"Les lieux, les monuments",2,le bâtiment,建筑物,/lə batimɑ̃/,manual_draft_review_needed,printed_bullet,le bâtiment,le bâtiment,Édito A1_2022 LE.pdf
U04P01-G03-E03,4,1,U04P01,La ville,63,3,"Les lieux, les monuments",3,la bibliothèque,图书馆,/la biblijɔtɛk/,manual_draft_review_needed,printed_bullet,la bibliothèque,la bibliothèque,Édito A1_2022 LE.pdf
U04P01-G03-E04,4,1,U04P01,La ville,63,3,"Les lieux, les monuments",4,le commissariat,警察局,/lə kɔmisaʁja/,espeak_draft_review_needed,printed_bullet,le commissariat,le commissariat,Édito A1_2022 LE.pdf
U04P01-G03-E05,4,1,U04P01,La ville,63,3,"Les lieux, les monuments",5,l’école (f.),学校,/lekɔl/,manual_draft_review_needed,printed_bullet,l’école (f.),l’école (f.),Édito A1_2022 LE.pdf
U04P01-G03-E06,4,1,U04P01,La ville,63,3,"Les lieux, les monuments",6,l’église (f.),教堂,/leɡliz/,espeak_draft_review_needed,printed_bullet,l’église (f.),l’église (f.),Édito A1_2022 LE.pdf
U04P01-G03-E07,4,1,U04P01,La ville,63,3,"Les lieux, les monuments",7,la fontaine,喷泉,/la fɔ̃tɛn/,manual_draft_review_needed,printed_bullet,la fontaine,la fontaine,Édito A1_2022 LE.pdf
U04P01-G03-E08,4,1,U04P01,La ville,63,3,"Les lieux, les monuments",8,la gare,火车站,/la ɡaʁ/,manual_draft_review_needed,printed_bullet,la gare,la gare,Édito A1_2022 LE.pdf
U04P01-G03-E09,4,1,U04P01,La ville,63,3,"Les lieux, les monuments",9,le jardin,花园,/lə ʒaʁdɛ̃/,manual_draft_review_needed,printed_bullet,le jardin,le jardin,Édito A1_2022 LE.pdf
U04P01-G03-E10,4,1,U04P01,La ville,63,3,"Les lieux, les monuments",10,la mairie,市政府；市政厅,/la mɛʁi/,espeak_draft_review_needed,printed_bullet,la mairie,la mairie,Édito A1_2022 LE.pdf
U04P01-G03-E11,4,1,U04P01,La ville,63,3,"Les lieux, les monuments",11,le musée,博物馆,/lə myze/,manual_draft_review_needed,printed_bullet,le musée,le musée,Édito A1_2022 LE.pdf
U04P01-G03-E12,4,1,U04P01,La ville,63,3,"Les lieux, les monuments",12,le parc,公园,/lə paʁk/,manual_draft_review_needed,printed_bullet,le parc,le parc,Édito A1_2022 LE.pdf
U04P01-G03-E13,4,1,U04P01,La ville,63,3,"Les lieux, les monuments",13,la poste,邮局,/la pɔst/,espeak_draft_review_needed,printed_bullet,la poste,la poste,Édito A1_2022 LE.pdf
U04P01-G03-E14,4,1,U04P01,La ville,63,3,"Les lieux, les monuments",14,le théâtre,剧院；戏剧,/lə teɑtʁ/,manual_draft_review_needed,printed_bullet,le théâtre,le théâtre,Édito A1_2022 LE.pdf
U04P01-G04-E01,4,1,U04P01,La ville,63,4,Les personnes,1,les habitants,居民,/lez abitɑ̃/,manual_draft_review_needed,printed_bullet,les habitants,les habitants,Édito A1_2022 LE.pdf
U04P01-G04-E02,4,1,U04P01,La ville,63,4,Les personnes,2,les touristes,游客,/le tuʁist/,manual_draft_review_needed,printed_bullet,les touristes,les touristes,Édito A1_2022 LE.pdf
U04P02-G01-E01,4,2,U04P02,"Les transports, les nombres (3)",69,1,Les transports,1,à pied (m.),步行；走路,/a pje/,manual_draft_review_needed,printed_bullet,à pied (m.),à pied (m.),Édito A1_2022 LE.pdf
U04P02-G01-E02,4,2,U04P02,"Les transports, les nombres (3)",69,1,Les transports,2,à trottinette (f.),骑滑板车,/a tʁɔtinɛt/,manual_draft_review_needed,printed_bullet,à trottinette (f.),à trottinette (f.),Édito A1_2022 LE.pdf
U04P02-G01-E03,4,2,U04P02,"Les transports, les nombres (3)",69,1,Les transports,3,à vélo (m.),骑自行车,/a velo/,manual_draft_review_needed,printed_bullet,à vélo (m.),à vélo (m.),Édito A1_2022 LE.pdf
U04P02-G01-E04,4,2,U04P02,"Les transports, les nombres (3)",69,1,Les transports,4,en bus (m.),乘公共汽车,/ɑ̃ bys/,manual_draft_review_needed,printed_bullet,en bus (m.),en bus (m.),Édito A1_2022 LE.pdf
U04P02-G01-E05,4,2,U04P02,"Les transports, les nombres (3)",69,1,Les transports,5,en métro (m.),乘地铁,/ɑ̃ metʁo/,manual_draft_review_needed,printed_bullet,en métro (m.),en métro (m.),Édito A1_2022 LE.pdf
U04P02-G01-E06,4,2,U04P02,"Les transports, les nombres (3)",69,1,Les transports,6,en train (m.),乘火车,/ɑ̃ tʁɛ̃/,manual_draft_review_needed,printed_bullet,en train (m.),en train (m.),Édito A1_2022 LE.pdf
U04P02-G01-E07,4,2,U04P02,"Les transports, les nombres (3)",69,1,Les transports,7,en tramway (m.),乘有轨电车,/ɑ̃ tʁamwɛ/,manual_draft_review_needed,printed_bullet,en tramway (m.),en tramway (m.),Édito A1_2022 LE.pdf
U04P02-G01-E08,4,2,U04P02,"Les transports, les nombres (3)",69,1,Les transports,8,en voiture (f.),乘汽车；开车,/ɑ̃ vwatyʁ/,manual_draft_review_needed,printed_bullet,en voiture (f.),en voiture (f.),Édito A1_2022 LE.pdf
U04P02-G01-E09,4,2,U04P02,"Les transports, les nombres (3)",69,1,Les transports,9,le covoiturage,拼车,/lə kɔvwatyʁaʒ/,espeak_draft_review_needed,printed_bullet,le covoiturage,le covoiturage,Édito A1_2022 LE.pdf
U04P02-G01-E10,4,2,U04P02,"Les transports, les nombres (3)",69,1,Les transports,10,les transports en commun (m.),公共交通,/le tʁɑ̃spɔʁ ɑ̃ kɔmœ̃/,manual_draft_review_needed,printed_bullet,les transports en commun (m.),les transports en commun (m.),Édito A1_2022 LE.pdf
U04P02-G02-E01,4,2,U04P02,"Les transports, les nombres (3)",69,2,Se déplacer,1,l’arrêt (m.),（公共汽车等的）停靠站,/laʁɛ/,manual_draft_review_needed,printed_bullet,l’arrêt (m.),l’arrêt (m.),Édito A1_2022 LE.pdf
U04P02-G02-E02,4,2,U04P02,"Les transports, les nombres (3)",69,2,Se déplacer,2,la carte de transport,交通卡；公交卡,/la kaʁt də tʁɑ̃spɔʁ/,manual_draft_review_needed,printed_bullet,la carte de transport,la carte de transport,Édito A1_2022 LE.pdf
U04P02-G02-E03,4,2,U04P02,"Les transports, les nombres (3)",69,2,Se déplacer,3,l’itinéraire (m.),行程；路线,/litineʁɛʁ/,manual_draft_review_needed,printed_bullet,l’itinéraire (m.),l’itinéraire (m.),Édito A1_2022 LE.pdf
U04P02-G02-E04,4,2,U04P02,"Les transports, les nombres (3)",69,2,Se déplacer,4,la ligne,线路；路线,/la liɲ/,manual_draft_review_needed,printed_bullet,la ligne,la ligne,Édito A1_2022 LE.pdf
U04P02-G02-E05,4,2,U04P02,"Les transports, les nombres (3)",69,2,Se déplacer,5,la station,车站；地铁站,/la stasjɔ̃/,manual_draft_review_needed,printed_bullet,la station,la station,Édito A1_2022 LE.pdf
U04P02-G02-E06,4,2,U04P02,"Les transports, les nombres (3)",69,2,Se déplacer,6,le ticket,车票；票,/lə tikɛ/,manual_draft_review_needed,printed_bullet,le ticket,le ticket,Édito A1_2022 LE.pdf
U04P02-G03-E01,4,2,U04P02,"Les transports, les nombres (3)",69,3,Les nombres de 100 à 1 000 000 000,1,cent,100（一百）,/sɑ̃/,manual_draft_review_needed,printed_bullet,100 cent,100 cent,Édito A1_2022 LE.pdf
U04P02-G03-E02,4,2,U04P02,"Les transports, les nombres (3)",69,3,Les nombres de 100 à 1 000 000 000,2,deux cents,200（二百）,/dø sɑ̃/,manual_draft_review_needed,printed_bullet,200 deux cents,200 deux cents,Édito A1_2022 LE.pdf
U04P02-G03-E03,4,2,U04P02,"Les transports, les nombres (3)",69,3,Les nombres de 100 à 1 000 000 000,3,trois cent cinquante-deux,352（三百五十二）,/tʁwa sɑ̃ sɛ̃kɑ̃t dø/,manual_draft_review_needed,printed_bullet,352 trois cent cinquante-deux,352 trois cent cinquante-deux,Édito A1_2022 LE.pdf
U04P02-G03-E04,4,2,U04P02,"Les transports, les nombres (3)",69,3,Les nombres de 100 à 1 000 000 000,4,mille,"1,000（一千）",/mil/,manual_draft_review_needed,printed_bullet,1 000 mille,1 000 mille,Édito A1_2022 LE.pdf
U04P02-G03-E05,4,2,U04P02,"Les transports, les nombres (3)",69,3,Les nombres de 100 à 1 000 000 000,5,deux mille,"2,000（两千）",/dø mil/,manual_draft_review_needed,printed_bullet,2 000 deux mille,2 000 deux mille,Édito A1_2022 LE.pdf
U04P02-G03-E06,4,2,U04P02,"Les transports, les nombres (3)",69,3,Les nombres de 100 à 1 000 000 000,6,dix mille,"10,000（一万）",/di mil/,manual_draft_review_needed,printed_bullet,10 000 dix mille,10 000 dix mille,Édito A1_2022 LE.pdf
U04P02-G03-E07,4,2,U04P02,"Les transports, les nombres (3)",69,3,Les nombres de 100 à 1 000 000 000,7,un million,"1,000,000（一百万）",/œ̃ miljɔ̃/,manual_draft_review_needed,printed_bullet,1 000 000 1 million,1 000 000 1 million,Édito A1_2022 LE.pdf
U04P02-G03-E08,4,2,U04P02,"Les transports, les nombres (3)",69,3,Les nombres de 100 à 1 000 000 000,8,deux millions,"2,000,000（两百万）",/dø miljɔ̃/,manual_draft_review_needed,printed_bullet,2 000 000 2 millions,2 000 000 2 millions,Édito A1_2022 LE.pdf
U04P02-G03-E09,4,2,U04P02,"Les transports, les nombres (3)",69,3,Les nombres de 100 à 1 000 000 000,9,un milliard,"1,000,000,000（十亿）",/œ̃ miljaʁ/,manual_draft_review_needed,printed_bullet,1 000 000 000 1 milliard,1 000 000 000 1 milliard,Édito A1_2022 LE.pdf
U04P02-G03-E10,4,2,U04P02,"Les transports, les nombres (3)",69,3,Les nombres de 100 à 1 000 000 000,10,deux milliards,"2,000,000,000（二十亿）",/dø miljaʁ/,manual_draft_review_needed,printed_bullet,2 000 000 000 2 milliards,2 000 000 000 2 milliards,Édito A1_2022 LE.pdf
U05P01-G01-E01,5,1,U05P01,"Les vêtements, les accessoires, la météo",77,1,Les vêtements,1,la chemise,衬衫,/la ʃəmiz/,manual_draft_review_needed,printed_bullet,la chemise,la chemise,Édito A1_2022 LE.pdf
U05P01-G01-E02,5,1,U05P01,"Les vêtements, les accessoires, la météo",77,1,Les vêtements,2,le costume,西服；西装套装,/lə kɔstym/,manual_draft_review_needed,printed_bullet,le costume,le costume,Édito A1_2022 LE.pdf
U05P01-G01-E03,5,1,U05P01,"Les vêtements, les accessoires, la météo",77,1,Les vêtements,3,le gilet,马甲；开衫,/lə ʒilɛ/,manual_draft_review_needed,printed_bullet,le gilet,le gilet,Édito A1_2022 LE.pdf
U05P01-G01-E04,5,1,U05P01,"Les vêtements, les accessoires, la météo",77,1,Les vêtements,4,l’imperméable (m.),雨衣,/lɛ̃pɛʁmeabl/,manual_draft_review_needed,printed_bullet,l’imperméable (m.),l’imperméable (m.),Édito A1_2022 LE.pdf
U05P01-G01-E05,5,1,U05P01,"Les vêtements, les accessoires, la météo",77,1,Les vêtements,5,la jupe,裙子；半身裙,/la ʒyp/,manual_draft_review_needed,printed_bullet,la jupe,la jupe,Édito A1_2022 LE.pdf
U05P01-G01-E06,5,1,U05P01,"Les vêtements, les accessoires, la météo",77,1,Les vêtements,6,le manteau,大衣；外套,/lə mɑ̃to/,manual_draft_review_needed,printed_bullet,le manteau,le manteau,Édito A1_2022 LE.pdf
U05P01-G01-E07,5,1,U05P01,"Les vêtements, les accessoires, la météo",77,1,Les vêtements,7,"le pantalon, le jean",长裤；牛仔裤,/lə pɑ̃talɔ̃ / lə dʒin/,manual_draft_review_needed,printed_bullet,"le pantalon, le jean","le pantalon, le jean",Édito A1_2022 LE.pdf
U05P01-G01-E08,5,1,U05P01,"Les vêtements, les accessoires, la météo",77,1,Les vêtements,8,le pull,毛衣；套头衫,/lə pyl/,manual_draft_review_needed,printed_bullet,le pull,le pull,Édito A1_2022 LE.pdf
U05P01-G01-E09,5,1,U05P01,"Les vêtements, les accessoires, la météo",77,1,Les vêtements,9,la robe,连衣裙,/la ʁɔb/,manual_draft_review_needed,printed_bullet,la robe,la robe,Édito A1_2022 LE.pdf
U05P01-G01-E10,5,1,U05P01,"Les vêtements, les accessoires, la météo",77,1,Les vêtements,10,le short,短裤,/lə ʃɔʁt/,manual_draft_review_needed,printed_bullet,le short,le short,Édito A1_2022 LE.pdf
U05P01-G01-E11,5,1,U05P01,"Les vêtements, les accessoires, la météo",77,1,Les vêtements,11,le tee-shirt,T恤衫,/lə ti ʃœʁt/,manual_draft_review_needed,printed_bullet,le tee-shirt,le tee-shirt,Édito A1_2022 LE.pdf
U05P01-G01-E12,5,1,U05P01,"Les vêtements, les accessoires, la météo",77,1,Les vêtements,12,la veste,夹克；短外套,/la vɛst/,manual_draft_review_needed,printed_bullet,la veste,la veste,Édito A1_2022 LE.pdf
U05P01-G02-E01,5,1,U05P01,"Les vêtements, les accessoires, la météo",77,2,Les accessoires,1,le(s) bijou(x),首饰；珠宝（单数／复数）,/lə biʒu / le biʒu/,manual_draft_review_needed,printed_bullet,le(s) bijou(x),le(s) bijou(x),Édito A1_2022 LE.pdf
U05P01-G02-E02,5,1,U05P01,"Les vêtements, les accessoires, la météo",77,2,Les accessoires,2,la ceinture,腰带；皮带,/la sɛ̃tyʁ/,manual_draft_review_needed,printed_bullet,la ceinture,la ceinture,Édito A1_2022 LE.pdf
U05P01-G02-E03,5,1,U05P01,"Les vêtements, les accessoires, la météo",77,2,Les accessoires,3,le chapeau,帽子,/lə ʃapo/,manual_draft_review_needed,printed_bullet,le chapeau,le chapeau,Édito A1_2022 LE.pdf
U05P01-G02-E04,5,1,U05P01,"Les vêtements, les accessoires, la météo",77,2,Les accessoires,4,"les chaussures (f.) : les baskets (f.), les bottes (f.)",鞋：运动鞋；靴子,/le ʃosyʁ / le baskɛt / le bɔt/,manual_draft_review_needed,printed_bullet,"les chaussures (f.) : les baskets (f.), les bottes (f.)","les chaussures (f.) : les baskets (f.), les bottes (f.)",Édito A1_2022 LE.pdf
U05P01-G02-E05,5,1,U05P01,"Les vêtements, les accessoires, la météo",77,2,Les accessoires,5,la cravate,领带,/la kʁavat/,manual_draft_review_needed,printed_bullet,la cravate,la cravate,Édito A1_2022 LE.pdf
U05P01-G02-E06,5,1,U05P01,"Les vêtements, les accessoires, la météo",77,2,Les accessoires,6,les lunettes de soleil (f.),太阳镜；墨镜,/le lynɛt də sɔlɛj/,manual_draft_review_needed,printed_bullet,les lunettes de soleil (f.),les lunettes de soleil (f.),Édito A1_2022 LE.pdf
U05P01-G02-E07,5,1,U05P01,"Les vêtements, les accessoires, la météo",77,2,Les accessoires,7,le parapluie,雨伞,/lə paʁaplɥi/,manual_draft_review_needed,printed_bullet,le parapluie,le parapluie,Édito A1_2022 LE.pdf
U05P01-G02-E08,5,1,U05P01,"Les vêtements, les accessoires, la météo",77,2,Les accessoires,8,le sac à main,手提包；女式手袋,/lə sak a mɛ̃/,manual_draft_review_needed,printed_bullet,le sac à main,le sac à main,Édito A1_2022 LE.pdf
U05P01-G03-E01,5,1,U05P01,"Les vêtements, les accessoires, la météo",77,3,Les couleurs,1,blanc,白色；白色的,/blɑ̃/,manual_draft_review_needed,printed_bullet,blanc,blanc,Édito A1_2022 LE.pdf
U05P01-G03-E02,5,1,U05P01,"Les vêtements, les accessoires, la météo",77,3,Les couleurs,2,bleu,蓝色；蓝色的,/blø/,manual_draft_review_needed,printed_bullet,bleu,bleu,Édito A1_2022 LE.pdf
U05P01-G03-E03,5,1,U05P01,"Les vêtements, les accessoires, la météo",77,3,Les couleurs,3,gris,灰色；灰色的,/ɡʁi/,manual_draft_review_needed,printed_bullet,gris,gris,Édito A1_2022 LE.pdf
U05P01-G03-E04,5,1,U05P01,"Les vêtements, les accessoires, la météo",77,3,Les couleurs,4,jaune,黄色；黄色的,/ʒon/,manual_draft_review_needed,printed_bullet,jaune,jaune,Édito A1_2022 LE.pdf
U05P01-G03-E05,5,1,U05P01,"Les vêtements, les accessoires, la météo",77,3,Les couleurs,5,marron,棕色；棕色的,/maʁɔ̃/,manual_draft_review_needed,printed_bullet,marron,marron,Édito A1_2022 LE.pdf
U05P01-G03-E06,5,1,U05P01,"Les vêtements, les accessoires, la météo",77,3,Les couleurs,6,noir,黑色；黑色的,/nwaʁ/,manual_draft_review_needed,printed_bullet,noir,noir,Édito A1_2022 LE.pdf
U05P01-G03-E07,5,1,U05P01,"Les vêtements, les accessoires, la météo",77,3,Les couleurs,7,rose,粉色；粉色的,/ʁoz/,manual_draft_review_needed,printed_bullet,rose,rose,Édito A1_2022 LE.pdf
U05P01-G03-E08,5,1,U05P01,"Les vêtements, les accessoires, la météo",77,3,Les couleurs,8,rouge,红色；红色的,/ʁuʒ/,manual_draft_review_needed,printed_bullet,rouge,rouge,Édito A1_2022 LE.pdf
U05P01-G03-E09,5,1,U05P01,"Les vêtements, les accessoires, la météo",77,3,Les couleurs,9,vert,绿色；绿色的,/vɛʁ/,manual_draft_review_needed,printed_bullet,vert,vert,Édito A1_2022 LE.pdf
U05P01-G04-E01,5,1,U05P01,"Les vêtements, les accessoires, la météo",77,4,Les matières,1,en coton (m.),棉制的,/ɑ̃ kɔtɔ̃/,manual_draft_review_needed,printed_bullet,en coton (m.),en coton (m.),Édito A1_2022 LE.pdf
U05P01-G04-E02,5,1,U05P01,"Les vêtements, les accessoires, la météo",77,4,Les matières,2,en cuir (m.),皮制的,/ɑ̃ kɥiʁ/,manual_draft_review_needed,printed_bullet,en cuir (m.),en cuir (m.),Édito A1_2022 LE.pdf
U05P01-G04-E03,5,1,U05P01,"Les vêtements, les accessoires, la météo",77,4,Les matières,3,en jean (m.),牛仔布制的,/ɑ̃ dʒin/,manual_draft_review_needed,printed_bullet,en jean (m.),en jean (m.),Édito A1_2022 LE.pdf
U05P01-G04-E04,5,1,U05P01,"Les vêtements, les accessoires, la météo",77,4,Les matières,4,en laine (f.),羊毛制的,/ɑ̃ lɛn/,manual_draft_review_needed,printed_bullet,en laine (f.),en laine (f.),Édito A1_2022 LE.pdf
U05P01-G05-E01,5,1,U05P01,"Les vêtements, les accessoires, la météo",77,5,La météo et les températures,1,le(s) degré(s) (m.),度；温度的度数（单数／复数）,/lə dəɡʁe / le dəɡʁe/,manual_draft_review_needed,printed_bullet,le(s) degré(s) (m.),le(s) degré(s) (m.),Édito A1_2022 LE.pdf
U05P01-G05-E02,5,1,U05P01,"Les vêtements, les accessoires, la météo",77,5,La météo et les températures,2,la neige,雪,/la nɛʒ/,manual_draft_review_needed,printed_bullet,la neige,la neige,Édito A1_2022 LE.pdf
U05P01-G05-E03,5,1,U05P01,"Les vêtements, les accessoires, la météo",77,5,La météo et les températures,3,le nuage,云,/lə nɥaʒ/,manual_draft_review_needed,printed_bullet,le nuage,le nuage,Édito A1_2022 LE.pdf
U05P01-G05-E04,5,1,U05P01,"Les vêtements, les accessoires, la météo",77,5,La météo et les températures,4,l’orage (m.),雷暴；暴风雨,/lɔʁaʒ/,manual_draft_review_needed,printed_bullet,l’orage (m.),l’orage (m.),Édito A1_2022 LE.pdf
U05P01-G05-E05,5,1,U05P01,"Les vêtements, les accessoires, la météo",77,5,La météo et les températures,5,la pluie,雨,/la plɥi/,manual_draft_review_needed,printed_bullet,la pluie,la pluie,Édito A1_2022 LE.pdf
U05P01-G05-E06,5,1,U05P01,"Les vêtements, les accessoires, la météo",77,5,La météo et les températures,6,le soleil,太阳；阳光,/lə sɔlɛj/,manual_draft_review_needed,printed_bullet,le soleil,le soleil,Édito A1_2022 LE.pdf
U05P01-G05-E07,5,1,U05P01,"Les vêtements, les accessoires, la météo",77,5,La météo et les températures,7,le vent,风,/lə vɑ̃/,manual_draft_review_needed,printed_bullet,le vent,le vent,Édito A1_2022 LE.pdf
U05P02-G01-E01,5,2,U05P02,"Les objets technologiques, les objets du quotidien",83,1,Les objets technologiques,1,la batterie (externe),电池；外接电池／充电宝,/la batʁi / la batʁi ɛkstɛʁn/,manual_draft_review_needed,printed_bullet,la batterie (externe),la batterie (externe),Édito A1_2022 LE.pdf
U05P02-G01-E02,5,2,U05P02,"Les objets technologiques, les objets du quotidien",83,1,Les objets technologiques,2,les écouteurs (m.) (sans fil),耳机；无线耳机,/lez ekutœʁ / lez ekutœʁ sɑ̃ fil/,manual_draft_review_needed,printed_bullet,les écouteurs (m.) (sans fil),les écouteurs (m.) (sans fil),Édito A1_2022 LE.pdf
U05P02-G01-E03,5,2,U05P02,"Les objets technologiques, les objets du quotidien",83,1,Les objets technologiques,3,l’enceinte Bluetooth (f.),蓝牙音箱,/lɑ̃sɛ̃t blutus/,manual_draft_review_needed,printed_bullet,l’enceinte Bluetooth (f.),l’enceinte Bluetooth (f.),Édito A1_2022 LE.pdf
U05P02-G01-E04,5,2,U05P02,"Les objets technologiques, les objets du quotidien",83,1,Les objets technologiques,4,la montre connectée,智能手表,/la mɔ̃tʁ kɔnɛkte/,manual_draft_review_needed,printed_bullet,la montre connectée,la montre connectée,Édito A1_2022 LE.pdf
U05P02-G01-E05,5,2,U05P02,"Les objets technologiques, les objets du quotidien",83,1,Les objets technologiques,5,l’ordinateur (m.) (portable),电脑；笔记本电脑,/lɔʁdinatœʁ / lɔʁdinatœʁ pɔʁtabl/,manual_draft_review_needed,printed_bullet,l’ordinateur (m.) (portable),l’ordinateur (m.) (portable),Édito A1_2022 LE.pdf
U05P02-G01-E06,5,2,U05P02,"Les objets technologiques, les objets du quotidien",83,1,Les objets technologiques,6,la tablette,平板电脑,/la tablɛt/,manual_draft_review_needed,printed_bullet,la tablette,la tablette,Édito A1_2022 LE.pdf
U05P02-G01-E07,5,2,U05P02,"Les objets technologiques, les objets du quotidien",83,1,Les objets technologiques,7,le téléphone (portable)/le smartphone,电话；手机；智能手机,/lə telefɔn / lə telefɔn pɔʁtabl / lə smaʁtfɔn/,manual_draft_review_needed,printed_bullet,le téléphone (portable)/le smartphone,le téléphone (portable)/le smartphone,Édito A1_2022 LE.pdf
U05P02-G02-E01,5,2,U05P02,"Les objets technologiques, les objets du quotidien",83,2,Les objets du quotidien,1,le cadre photo,相框,/lə kadʁ foto/,manual_draft_review_needed,printed_bullet,le cadre photo,le cadre photo,Édito A1_2022 LE.pdf
U05P02-G02-E02,5,2,U05P02,"Les objets technologiques, les objets du quotidien",83,2,Les objets du quotidien,2,le porte-clés,钥匙扣,/lə pɔʁt kle/,manual_draft_review_needed,printed_bullet,le porte-clés,le porte-clés,Édito A1_2022 LE.pdf
U05P02-G02-E03,5,2,U05P02,"Les objets technologiques, les objets du quotidien",83,2,Les objets du quotidien,3,le portefeuille,钱包；皮夹,/lə pɔʁtəfœj/,manual_draft_review_needed,printed_bullet,le portefeuille,le portefeuille,Édito A1_2022 LE.pdf
U05P02-G02-E04,5,2,U05P02,"Les objets technologiques, les objets du quotidien",83,2,Les objets du quotidien,4,le porte-monnaie,零钱包,/lə pɔʁt mɔnɛ/,manual_draft_review_needed,printed_bullet,le porte-monnaie,le porte-monnaie,Édito A1_2022 LE.pdf
U05P02-G02-E05,5,2,U05P02,"Les objets technologiques, les objets du quotidien",83,2,Les objets du quotidien,5,le sac à dos,背包；双肩包,/lə sak a do/,manual_draft_review_needed,printed_bullet,le sac à dos,le sac à dos,Édito A1_2022 LE.pdf
U05P02-G02-E06,5,2,U05P02,"Les objets technologiques, les objets du quotidien",83,2,Les objets du quotidien,6,le sac de sport,运动包,/lə sak də spɔʁ/,manual_draft_review_needed,printed_bullet,le sac de sport,le sac de sport,Édito A1_2022 LE.pdf
U05P02-G02-E07,5,2,U05P02,"Les objets technologiques, les objets du quotidien",83,2,Les objets du quotidien,7,la valise,行李箱,/la valiz/,manual_draft_review_needed,printed_bullet,la valise,la valise,Édito A1_2022 LE.pdf
U05P02-G03-E01,5,2,U05P02,"Les objets technologiques, les objets du quotidien",83,3,La description des objets,1,"la forme : carré, rond, rectangulaire",形状：方形的、圆形的、长方形的,/la fɔʁm / kaʁe / ʁɔ̃ / ʁɛktɑ̃ɡylɛʁ/,manual_draft_review_needed,printed_bullet,"la forme : carré, rond, rectangulaire","la forme : carré, rond, rectangulaire",Édito A1_2022 LE.pdf
U05P02-G03-E02,5,2,U05P02,"Les objets technologiques, les objets du quotidien",83,3,La description des objets,2,le poids : léger ≠ lourd,重量：轻的／重的,/lə pwa / leʒe / luʁ/,manual_draft_review_needed,printed_bullet,le poids : léger ≠ lourd,le poids : léger ≠ lourd,Édito A1_2022 LE.pdf
U05P02-G03-E03,5,2,U05P02,"Les objets technologiques, les objets du quotidien",83,3,La description des objets,3,la taille : petit ≠ grand,大小：小的／大的,/la taj / pəti / ɡʁɑ̃/,manual_draft_review_needed,printed_bullet,la taille : petit ≠ grand,la taille : petit ≠ grand,Édito A1_2022 LE.pdf
U06P01-G01-E01,6,1,U06P01,"L’heure, les activités",91,1,Les heures,1,neuf heures du matin,上午9点,/nœv œʁ dy matɛ̃/,manual_draft_review_needed,printed_bullet,9 h (du matin),9 h (du matin),Édito A1_2022 LE.pdf
U06P01-G01-E02,6,1,U06P01,"L’heure, les activités",91,1,Les heures,2,neuf heures cinq,9点05分,/nœv œʁ sɛ̃k/,manual_draft_review_needed,printed_bullet,9 h 05 (9 h cinq),9 h 05 (9 h cinq),Édito A1_2022 LE.pdf
U06P01-G01-E03,6,1,U06P01,"L’heure, les activités",91,1,Les heures,3,neuf heures quinze / neuf heures et quart,9点15分；9点一刻,/nœv œʁ kɛ̃z / nœv œʁ e kaʁ/,manual_draft_review_needed,printed_bullet,9 h 15 (ou 9 h et quart),9 h 15 (ou 9 h et quart),Édito A1_2022 LE.pdf
U06P01-G01-E04,6,1,U06P01,"L’heure, les activités",91,1,Les heures,4,neuf heures trente / neuf heures et demie,9点30分；9点半,/nœv œʁ tʁɑ̃t / nœv œʁ e dəmi/,manual_draft_review_needed,printed_bullet,9 h 30 (ou 9 h et demie),9 h 30 (ou 9 h et demie),Édito A1_2022 LE.pdf
U06P01-G01-E05,6,1,U06P01,"L’heure, les activités",91,1,Les heures,5,neuf heures quarante-cinq / dix heures moins le quart,9点45分；差一刻10点,/nœv œʁ kaʁɑ̃t sɛ̃k / diz œʁ mwɛ̃ lə kaʁ/,manual_draft_review_needed,printed_bullet,9 h 45 (ou 10 h moins le quart),9 h 45 (ou 10 h moins le quart),Édito A1_2022 LE.pdf
U06P01-G01-E06,6,1,U06P01,"L’heure, les activités",91,1,Les heures,6,neuf heures cinquante / dix heures moins dix,9点50分；差10分10点,/nœv œʁ sɛ̃kɑ̃t / diz œʁ mwɛ̃ dis/,manual_draft_review_needed,printed_bullet,9 h 50 (ou 10 h moins dix),9 h 50 (ou 10 h moins dix),Édito A1_2022 LE.pdf
U06P01-G01-E07,6,1,U06P01,"L’heure, les activités",91,1,Les heures,7,douze heures / midi,12点；中午,/duz œʁ / midi/,manual_draft_review_needed,printed_bullet,12 h (ou midi),12 h (ou midi),Édito A1_2022 LE.pdf
U06P01-G01-E08,6,1,U06P01,"L’heure, les activités",91,1,Les heures,8,seize heures / quatre heures de l’après-midi,16点；下午4点,/sɛz œʁ / katʁ œʁ də lapʁɛ midi/,manual_draft_review_needed,printed_bullet,16 h (ou 4 h de l’après-midi),16 h (ou 4 h de l’après-midi),Édito A1_2022 LE.pdf
U06P01-G01-E09,6,1,U06P01,"L’heure, les activités",91,1,Les heures,9,vingt et une heures / neuf heures du soir,21点；晚上9点,/vɛ̃t e yn œʁ / nœv œʁ dy swaʁ/,manual_draft_review_needed,printed_bullet,21 h (ou 9 h du soir),21 h (ou 9 h du soir),Édito A1_2022 LE.pdf
U06P01-G01-E10,6,1,U06P01,"L’heure, les activités",91,1,Les heures,10,zéro heure / minuit,0点；午夜,/zeʁo œʁ / minɥi/,manual_draft_review_needed,printed_bullet,0 h (ou minuit),0 h (ou minuit),Édito A1_2022 LE.pdf
U06P01-G02-E01,6,1,U06P01,"L’heure, les activités",91,2,Les activités quotidiennes,1,se brosser les dents,刷牙,/sə bʁɔse le dɑ̃/,manual_draft_review_needed,printed_bullet,se brosser les dents,se brosser les dents,Édito A1_2022 LE.pdf
U06P01-G02-E02,6,1,U06P01,"L’heure, les activités",91,2,Les activités quotidiennes,2,se coiffer,梳头；整理头发,/sə kwafe/,manual_draft_review_needed,printed_bullet,se coiffer,se coiffer,Édito A1_2022 LE.pdf
U06P01-G02-E03,6,1,U06P01,"L’heure, les activités",91,2,Les activités quotidiennes,3,se coucher,上床；睡觉,/sə kuʃe/,manual_draft_review_needed,printed_bullet,se coucher,se coucher,Édito A1_2022 LE.pdf
U06P01-G02-E04,6,1,U06P01,"L’heure, les activités",91,2,Les activités quotidiennes,4,se doucher,洗澡；淋浴,/sə duʃe/,manual_draft_review_needed,printed_bullet,se doucher,se doucher,Édito A1_2022 LE.pdf
U06P01-G02-E05,6,1,U06P01,"L’heure, les activités",91,2,Les activités quotidiennes,5,s’habiller,穿衣服,/sabije/,manual_draft_review_needed,printed_bullet,s’habiller,s’habiller,Édito A1_2022 LE.pdf
U06P01-G02-E06,6,1,U06P01,"L’heure, les activités",91,2,Les activités quotidiennes,6,se lever,起身；起床,/sə ləve/,manual_draft_review_needed,printed_bullet,se lever,se lever,Édito A1_2022 LE.pdf
U06P01-G02-E07,6,1,U06P01,"L’heure, les activités",91,2,Les activités quotidiennes,7,se maquiller,化妆,/sə makije/,manual_draft_review_needed,printed_bullet,se maquiller,se maquiller,Édito A1_2022 LE.pdf
U06P01-G02-E08,6,1,U06P01,"L’heure, les activités",91,2,Les activités quotidiennes,8,s’occuper des enfants,照顾孩子,/sɔkype dez ɑ̃fɑ̃/,manual_draft_review_needed,printed_bullet,s’occuper des enfants,s’occuper des enfants,Édito A1_2022 LE.pdf
U06P01-G02-E09,6,1,U06P01,"L’heure, les activités",91,2,Les activités quotidiennes,9,prendre son petit déjeuner,吃早餐,/pʁɑ̃dʁ sɔ̃ pəti deʒœne/,manual_draft_review_needed,printed_bullet,prendre son petit déjeuner,prendre son petit déjeuner,Édito A1_2022 LE.pdf
U06P01-G02-E10,6,1,U06P01,"L’heure, les activités",91,2,Les activités quotidiennes,10,se préparer,做准备；收拾好自己,/sə pʁepaʁe/,manual_draft_review_needed,printed_bullet,se préparer,se préparer,Édito A1_2022 LE.pdf
U06P01-G02-E11,6,1,U06P01,"L’heure, les activités",91,2,Les activités quotidiennes,11,se raser,刮胡子；剃须,/sə ʁaze/,manual_draft_review_needed,printed_bullet,se raser,se raser,Édito A1_2022 LE.pdf
U06P01-G02-E12,6,1,U06P01,"L’heure, les activités",91,2,Les activités quotidiennes,12,se réveiller,醒来,/sə ʁeveje/,manual_draft_review_needed,printed_bullet,se réveiller,se réveiller,Édito A1_2022 LE.pdf
U06P01-G03-E01,6,1,U06P01,"L’heure, les activités",91,3,Les activités de la maison,1,"faire du bricolage, bricoler",做手工修理；做家居小修小补,/fɛʁ dy bʁikɔlaʒ / bʁikɔle/,manual_draft_review_needed,printed_bullet,"faire du bricolage, bricoler","faire du bricolage, bricoler",Édito A1_2022 LE.pdf
U06P01-G03-E02,6,1,U06P01,"L’heure, les activités",91,3,Les activités de la maison,2,faire les courses,买东西；采购日用品,/fɛʁ le kuʁs/,manual_draft_review_needed,printed_bullet,faire les courses,faire les courses,Édito A1_2022 LE.pdf
U06P01-G03-E03,6,1,U06P01,"L’heure, les activités",91,3,Les activités de la maison,3,"faire la cuisine, cuisiner",做饭；烹饪,/fɛʁ la kɥizin / kɥizine/,manual_draft_review_needed,printed_bullet,"faire la cuisine, cuisiner","faire la cuisine, cuisiner",Édito A1_2022 LE.pdf
U06P01-G03-E04,6,1,U06P01,"L’heure, les activités",91,3,Les activités de la maison,4,"faire du jardinage, jardiner",做园艺；侍弄花草,/fɛʁ dy ʒaʁdinaʒ / ʒaʁdine/,manual_draft_review_needed,printed_bullet,"faire du jardinage, jardiner","faire du jardinage, jardiner",Édito A1_2022 LE.pdf
U06P01-G03-E05,6,1,U06P01,"L’heure, les activités",91,3,Les activités de la maison,5,faire une lessive,洗一批衣服,/fɛʁ yn lɛsiv/,manual_draft_review_needed,printed_bullet,faire une lessive,faire une lessive,Édito A1_2022 LE.pdf
U06P01-G03-E06,6,1,U06P01,"L’heure, les activités",91,3,Les activités de la maison,6,faire à manger,做饭；准备饭菜,/fɛʁ a mɑ̃ʒe/,manual_draft_review_needed,printed_bullet,faire à manger,faire à manger,Édito A1_2022 LE.pdf
U06P01-G03-E07,6,1,U06P01,"L’heure, les activités",91,3,Les activités de la maison,7,faire le ménage,打扫卫生；做家务清洁,/fɛʁ lə menaʒ/,manual_draft_review_needed,printed_bullet,faire le ménage,faire le ménage,Édito A1_2022 LE.pdf
U06P01-G03-E08,6,1,U06P01,"L’heure, les activités",91,3,Les activités de la maison,8,faire la vaisselle,洗碗；洗餐具,/fɛʁ la vɛsɛl/,manual_draft_review_needed,printed_bullet,faire la vaisselle,faire la vaisselle,Édito A1_2022 LE.pdf
U06P01-G04-E01,6,1,U06P01,"L’heure, les activités",91,4,Le temps libre,1,"aller à un cours de dessin, dessiner",去上绘画课；画画,/ale a œ̃ kuʁ də desɛ̃ / desine/,manual_draft_review_needed,printed_bullet,"aller à un cours de dessin, dessiner","aller à un cours de dessin, dessiner",Édito A1_2022 LE.pdf
U06P01-G04-E02,6,1,U06P01,"L’heure, les activités",91,4,Le temps libre,2,écouter de la musique,听音乐,/ekute də la myzik/,manual_draft_review_needed,printed_bullet,écouter de la musique,écouter de la musique,Édito A1_2022 LE.pdf
U06P01-G04-E03,6,1,U06P01,"L’heure, les activités",91,4,Le temps libre,3,écouter la radio,听广播,/ekute la ʁadjo/,manual_draft_review_needed,printed_bullet,écouter la radio,écouter la radio,Édito A1_2022 LE.pdf
U06P01-G04-E04,6,1,U06P01,"L’heure, les activités",91,4,Le temps libre,4,faire du jogging,慢跑,/fɛʁ dy dʒɔɡiŋ/,manual_draft_review_needed,printed_bullet,faire du jogging,faire du jogging,Édito A1_2022 LE.pdf
U06P01-G04-E05,6,1,U06P01,"L’heure, les activités",91,4,Le temps libre,5,faire du sport,做运动；锻炼,/fɛʁ dy spɔʁ/,manual_draft_review_needed,printed_bullet,faire du sport,faire du sport,Édito A1_2022 LE.pdf
U06P01-G04-E06,6,1,U06P01,"L’heure, les activités",91,4,Le temps libre,6,jouer à un jeu vidéo,玩电子游戏,/ʒwe a œ̃ ʒø video/,manual_draft_review_needed,printed_bullet,jouer à un jeu vidéo,jouer à un jeu vidéo,Édito A1_2022 LE.pdf
U06P01-G04-E07,6,1,U06P01,"L’heure, les activités",91,4,Le temps libre,7,lire,阅读；看书,/liʁ/,manual_draft_review_needed,printed_bullet,lire,lire,Édito A1_2022 LE.pdf
U06P01-G04-E08,6,1,U06P01,"L’heure, les activités",91,4,Le temps libre,8,se promener,散步,/sə pʁɔmne/,manual_draft_review_needed,printed_bullet,se promener,se promener,Édito A1_2022 LE.pdf
U06P01-G04-E09,6,1,U06P01,"L’heure, les activités",91,4,Le temps libre,9,regarder la télévision,看电视,/ʁəɡaʁde la televizjɔ̃/,manual_draft_review_needed,printed_bullet,regarder la télévision,regarder la télévision,Édito A1_2022 LE.pdf
U06P01-G04-E10,6,1,U06P01,"L’heure, les activités",91,4,Le temps libre,10,surfer sur Internet,上网；浏览互联网,/syʁfe syʁ ɛ̃tɛʁnɛt/,manual_draft_review_needed,printed_bullet,surfer sur Internet,surfer sur Internet,Édito A1_2022 LE.pdf
U06P01-G04-E11,6,1,U06P01,"L’heure, les activités",91,4,Le temps libre,11,voir des amis,见朋友,/vwaʁ dez ami/,manual_draft_review_needed,printed_bullet,voir des amis,voir des amis,Édito A1_2022 LE.pdf
U06P01-G05-E01,6,1,U06P01,"L’heure, les activités",91,5,Les sorties culturelles,1,aller à un concert,去听音乐会,/ale a œ̃ kɔ̃sɛʁ/,manual_draft_review_needed,printed_bullet,aller à un concert,aller à un concert,Édito A1_2022 LE.pdf
U06P01-G05-E02,6,1,U06P01,"L’heure, les activités",91,5,Les sorties culturelles,2,aller au cinéma,去看电影,/ale o sinema/,manual_draft_review_needed,printed_bullet,aller au cinéma,aller au cinéma,Édito A1_2022 LE.pdf
U06P01-G05-E03,6,1,U06P01,"L’heure, les activités",91,5,Les sorties culturelles,3,aller au musée,去博物馆,/ale o myze/,manual_draft_review_needed,printed_bullet,aller au musée,aller au musée,Édito A1_2022 LE.pdf
U06P01-G05-E04,6,1,U06P01,"L’heure, les activités",91,5,Les sorties culturelles,4,aller au théâtre,去剧院；去看戏,/ale o teatʁ/,manual_draft_review_needed,printed_bullet,aller au théâtre,aller au théâtre,Édito A1_2022 LE.pdf
U06P01-G05-E05,6,1,U06P01,"L’heure, les activités",91,5,Les sorties culturelles,5,voir une exposition,看展览,/vwaʁ yn ɛkspozisjɔ̃/,manual_draft_review_needed,printed_bullet,voir une exposition,voir une exposition,Édito A1_2022 LE.pdf
U06P02-G01-E01,6,2,U06P02,"La description physique, le caractère",97,1,Le corps,1,grand(e) ≠ petit(e),高的（男／女）／矮的（男／女）,/ɡʁɑ̃ / ɡʁɑ̃d / pəti / pətit/,manual_draft_review_needed,printed_bullet,grand(e) ≠ petit(e),grand(e) ≠ petit(e),Édito A1_2022 LE.pdf
U06P02-G01-E02,6,2,U06P02,"La description physique, le caractère",97,1,Le corps,2,gros(se) ≠ mince,胖的（男／女）／瘦的,/ɡʁo / ɡʁos / mɛ̃s/,manual_draft_review_needed,printed_bullet,gros(se) ≠ mince,gros(se) ≠ mince,Édito A1_2022 LE.pdf
U06P02-G01-E03,6,2,U06P02,"La description physique, le caractère",97,1,Le corps,3,la barbe,胡须；络腮胡子,/la baʁb/,manual_draft_review_needed,printed_bullet,la barbe,la barbe,Édito A1_2022 LE.pdf
U06P02-G01-E04,6,2,U06P02,"La description physique, le caractère",97,1,Le corps,4,la moustache,小胡子；上唇胡须,/la mustaʃ/,manual_draft_review_needed,printed_bullet,la moustache,la moustache,Édito A1_2022 LE.pdf
U06P02-G01-E05,6,2,U06P02,"La description physique, le caractère",97,1,Le corps,5,le nez,鼻子,/lə ne/,manual_draft_review_needed,printed_bullet,le nez,le nez,Édito A1_2022 LE.pdf
U06P02-G01-E06,6,2,U06P02,"La description physique, le caractère",97,1,Le corps,6,"les yeux : bleus, marron, noirs, verts",眼睛：蓝色的、棕色的、黑色的、绿色的,/lez jø / blø / maʁɔ̃ / nwaʁ / vɛʁ/,manual_draft_review_needed,printed_bullet,"les yeux : bleus, marron, noirs, verts","les yeux : bleus, marron, noirs, verts",Édito A1_2022 LE.pdf
U06P02-G02-E01,6,2,U06P02,"La description physique, le caractère",97,2,Les cheveux,1,les cheveux blancs,白发；白色的头发,/le ʃəvø blɑ̃/,manual_draft_review_needed,printed_bullet,blancs,blancs,Édito A1_2022 LE.pdf
U06P02-G02-E02,6,2,U06P02,"La description physique, le caractère",97,2,Les cheveux,2,les cheveux blonds,金发；金色的头发,/le ʃəvø blɔ̃/,manual_draft_review_needed,printed_bullet,blonds,blonds,Édito A1_2022 LE.pdf
U06P02-G02-E03,6,2,U06P02,"La description physique, le caractère",97,2,Les cheveux,3,les cheveux bruns,深棕色的头发,/le ʃəvø bʁœ̃/,manual_draft_review_needed,printed_bullet,bruns,bruns,Édito A1_2022 LE.pdf
U06P02-G02-E04,6,2,U06P02,"La description physique, le caractère",97,2,Les cheveux,4,les cheveux châtains,栗色的头发,/le ʃəvø ʃatɛ̃/,manual_draft_review_needed,printed_bullet,châtains,châtains,Édito A1_2022 LE.pdf
U06P02-G02-E05,6,2,U06P02,"La description physique, le caractère",97,2,Les cheveux,5,les cheveux gris,灰白的头发,/le ʃəvø ɡʁi/,manual_draft_review_needed,printed_bullet,gris,gris,Édito A1_2022 LE.pdf
U06P02-G02-E06,6,2,U06P02,"La description physique, le caractère",97,2,Les cheveux,6,les cheveux roux,红褐色的头发,/le ʃəvø ʁu/,manual_draft_review_needed,printed_bullet,roux,roux,Édito A1_2022 LE.pdf
U06P02-G02-E07,6,2,U06P02,"La description physique, le caractère",97,2,Les cheveux,7,les cheveux courts ≠ longs,短发／长发,/le ʃəvø kuʁ / le ʃəvø lɔ̃/,manual_draft_review_needed,printed_bullet,courts ≠ longs,courts ≠ longs,Édito A1_2022 LE.pdf
U06P02-G02-E08,6,2,U06P02,"La description physique, le caractère",97,2,Les cheveux,8,les cheveux frisés ≠ raides,卷发／直发,/le ʃəvø fʁize / le ʃəvø ʁɛd/,manual_draft_review_needed,printed_bullet,frisés ≠ raides,frisés ≠ raides,Édito A1_2022 LE.pdf
U06P02-G02-E09,6,2,U06P02,"La description physique, le caractère",97,2,Les cheveux,9,être chauve,秃头；没有头发,/ɛtʁ ʃov/,manual_draft_review_needed,printed_bullet,être chauve,être chauve,Édito A1_2022 LE.pdf
U06P02-G03-E01,6,2,U06P02,"La description physique, le caractère",97,3,Le caractère,1,bavard(e),话多的；健谈的（男／女）,/bavaʁ / bavaʁd/,manual_draft_review_needed,printed_bullet,bavard(e),bavard(e),Édito A1_2022 LE.pdf
U06P02-G03-E02,6,2,U06P02,"La description physique, le caractère",97,3,Le caractère,2,calme,平静的；沉着的,/kalm/,manual_draft_review_needed,printed_bullet,calme,calme,Édito A1_2022 LE.pdf
U06P02-G03-E03,6,2,U06P02,"La description physique, le caractère",97,3,Le caractère,3,courageux (courageuse),勇敢的（男／女）,/kuʁaʒø / kuʁaʒøz/,manual_draft_review_needed,printed_bullet,courageux (courageuse),courageux (courageuse),Édito A1_2022 LE.pdf
U06P02-G03-E04,6,2,U06P02,"La description physique, le caractère",97,3,Le caractère,4,drôle,有趣的；滑稽的,/dʁol/,manual_draft_review_needed,printed_bullet,drôle,drôle,Édito A1_2022 LE.pdf
U06P02-G03-E05,6,2,U06P02,"La description physique, le caractère",97,3,Le caractère,5,dynamique,充满活力的；有干劲的,/dinamik/,manual_draft_review_needed,printed_bullet,dynamique,dynamique,Édito A1_2022 LE.pdf
U06P02-G03-E06,6,2,U06P02,"La description physique, le caractère",97,3,Le caractère,6,généreux (généreuse),慷慨的；大方的（男／女）,/ʒeneʁø / ʒeneʁøz/,manual_draft_review_needed,printed_bullet,généreux (généreuse),généreux (généreuse),Édito A1_2022 LE.pdf
U06P02-G03-E07,6,2,U06P02,"La description physique, le caractère",97,3,Le caractère,7,gentil (gentille) ≠ méchant(e),友善的（男／女）／凶恶的（男／女）,/ʒɑ̃ti / ʒɑ̃tij / meʃɑ̃ / meʃɑ̃t/,manual_draft_review_needed,printed_bullet,gentil (gentille) ≠ méchant(e),gentil (gentille) ≠ méchant(e),Édito A1_2022 LE.pdf
U06P02-G03-E08,6,2,U06P02,"La description physique, le caractère",97,3,Le caractère,8,intelligent(e),聪明的（男／女）,/ɛ̃teliʒɑ̃ / ɛ̃teliʒɑ̃t/,manual_draft_review_needed,printed_bullet,intelligent(e),intelligent(e),Édito A1_2022 LE.pdf
U06P02-G03-E09,6,2,U06P02,"La description physique, le caractère",97,3,Le caractère,9,sérieux (sérieuse),认真的；严肃的（男／女）,/seʁjø / seʁjøz/,manual_draft_review_needed,printed_bullet,sérieux (sérieuse),sérieux (sérieuse),Édito A1_2022 LE.pdf
U06P02-G03-E10,6,2,U06P02,"La description physique, le caractère",97,3,Le caractère,10,sociable,合群的；善于交际的,/sɔsjabl/,manual_draft_review_needed,printed_bullet,sociable,sociable,Édito A1_2022 LE.pdf
U06P02-G03-E11,6,2,U06P02,"La description physique, le caractère",97,3,Le caractère,11,stressé(e),紧张的；有压力的（男／女）,/stʁese/,manual_draft_review_needed,printed_bullet,stressé(e),stressé(e),Édito A1_2022 LE.pdf
U06P02-G03-E12,6,2,U06P02,"La description physique, le caractère",97,3,Le caractère,12,"sympathique, sympa (fam.)",友好的；讨人喜欢的；随和的（口语）,/sɛ̃patik / sɛ̃pa/,manual_draft_review_needed,printed_bullet,"sympathique, sympa (fam.)","sympathique, sympa (fam.)",Édito A1_2022 LE.pdf
U06P02-G03-E13,6,2,U06P02,"La description physique, le caractère",97,3,Le caractère,13,timide,害羞的；腼腆的,/timid/,manual_draft_review_needed,printed_bullet,timide,timide,Édito A1_2022 LE.pdf
U07P01-G01-E01,7,1,U07P01,"Le logement, l’équipement",105,1,Le logement,1,déménager,搬家；迁居,/demenaʒe/,espeak_draft_review_needed,printed_bullet,déménager,déménager,Édito A1_2022 LE.pdf
U07P01-G01-E02,7,1,U07P01,"Le logement, l’équipement",105,1,Le logement,2,l’étage (m.),楼层,/letaʒ/,manual_draft_review_needed,printed_bullet,l’étage (m.),l’étage (m.),Édito A1_2022 LE.pdf
U07P01-G01-E03,7,1,U07P01,"Le logement, l’équipement",105,1,Le logement,3,la fenêtre,窗户,/la fənɛtʁ/,manual_draft_review_needed,printed_bullet,la fenêtre,la fenêtre,Édito A1_2022 LE.pdf
U07P01-G01-E04,7,1,U07P01,"Le logement, l’équipement",105,1,Le logement,4,le jardin,花园,/lə ʒaʁdɛ̃/,manual_draft_review_needed,printed_bullet,le jardin,le jardin,Édito A1_2022 LE.pdf
U07P01-G01-E05,7,1,U07P01,"Le logement, l’équipement",105,1,Le logement,5,la maison,房屋；独栋住宅,/la mɛzɔ̃/,manual_draft_review_needed,printed_bullet,la maison,la maison,Édito A1_2022 LE.pdf
U07P01-G01-E06,7,1,U07P01,"Le logement, l’équipement",105,1,Le logement,6,la pièce,房间；一间房,/la pjɛs/,manual_draft_review_needed,printed_bullet,la pièce,la pièce,Édito A1_2022 LE.pdf
U07P01-G01-E07,7,1,U07P01,"Le logement, l’équipement",105,1,Le logement,7,le rez-de-chaussée,底层；一楼（地面层）,/lə ʁe də ʃose/,manual_draft_review_needed,printed_bullet,le rez-de-chaussée,le rez-de-chaussée,Édito A1_2022 LE.pdf
U07P01-G01-E08,7,1,U07P01,"Le logement, l’équipement",105,1,Le logement,8,la surface,面积；住房面积,/la syʁfas/,manual_draft_review_needed,printed_bullet,la surface,la surface,Édito A1_2022 LE.pdf
U07P01-G01-E09,7,1,U07P01,"Le logement, l’équipement",105,1,Le logement,9,la terrasse,露台,/la teʁas/,manual_draft_review_needed,printed_bullet,la terrasse,la terrasse,Édito A1_2022 LE.pdf
U07P01-G02-E01,7,1,U07P01,"Le logement, l’équipement",105,2,Les pièces,1,la chambre,卧室,/la ʃɑ̃bʁ/,manual_draft_review_needed,printed_bullet,la chambre,la chambre,Édito A1_2022 LE.pdf
U07P01-G02-E02,7,1,U07P01,"Le logement, l’équipement",105,2,Les pièces,2,la cuisine,厨房,/la kɥizin/,manual_draft_review_needed,printed_bullet,la cuisine,la cuisine,Édito A1_2022 LE.pdf
U07P01-G02-E03,7,1,U07P01,"Le logement, l’équipement",105,2,Les pièces,3,la salle à manger,餐厅；饭厅,/la sal a mɑ̃ʒe/,manual_draft_review_needed,printed_bullet,la salle à manger,la salle à manger,Édito A1_2022 LE.pdf
U07P01-G02-E04,7,1,U07P01,"Le logement, l’équipement",105,2,Les pièces,4,la salle de bains,浴室,/la sal də bɛ̃/,manual_draft_review_needed,printed_bullet,la salle de bains,la salle de bains,Édito A1_2022 LE.pdf
U07P01-G02-E05,7,1,U07P01,"Le logement, l’équipement",105,2,Les pièces,5,le salon,客厅；起居室,/lə salɔ̃/,manual_draft_review_needed,printed_bullet,le salon,le salon,Édito A1_2022 LE.pdf
U07P01-G02-E06,7,1,U07P01,"Le logement, l’équipement",105,2,Les pièces,6,les toilettes (f.),卫生间；厕所,/le twalɛt/,manual_draft_review_needed,printed_bullet,les toilettes (f.),les toilettes (f.),Édito A1_2022 LE.pdf
U07P01-G03-E01,7,1,U07P01,"Le logement, l’équipement",105,3,Les meubles,1,l’armoire (f.),衣柜；柜子,/laʁmwaʁ/,manual_draft_review_needed,printed_bullet,l’armoire (f.),l’armoire (f.),Édito A1_2022 LE.pdf
U07P01-G03-E02,7,1,U07P01,"Le logement, l’équipement",105,3,Les meubles,2,le bureau,书桌；写字台,/lə byʁo/,manual_draft_review_needed,printed_bullet,le bureau,le bureau,Édito A1_2022 LE.pdf
U07P01-G03-E03,7,1,U07P01,"Le logement, l’équipement",105,3,Les meubles,3,le canapé,沙发,/lə kanape/,manual_draft_review_needed,printed_bullet,le canapé,le canapé,Édito A1_2022 LE.pdf
U07P01-G03-E04,7,1,U07P01,"Le logement, l’équipement",105,3,Les meubles,4,la chaise,椅子,/la ʃɛz/,manual_draft_review_needed,printed_bullet,la chaise,la chaise,Édito A1_2022 LE.pdf
U07P01-G03-E05,7,1,U07P01,"Le logement, l’équipement",105,3,Les meubles,5,le fauteuil,扶手椅,/lə fotœj/,manual_draft_review_needed,printed_bullet,le fauteuil,le fauteuil,Édito A1_2022 LE.pdf
U07P01-G03-E06,7,1,U07P01,"Le logement, l’équipement",105,3,Les meubles,6,le lit,床,/lə li/,manual_draft_review_needed,printed_bullet,le lit,le lit,Édito A1_2022 LE.pdf
U07P01-G03-E07,7,1,U07P01,"Le logement, l’équipement",105,3,Les meubles,7,la table (basse),桌子；矮桌／茶几,/la tabl / la tabl bas/,manual_draft_review_needed,printed_bullet,la table (basse),la table (basse),Édito A1_2022 LE.pdf
U07P01-G04-E01,7,1,U07P01,"Le logement, l’équipement",105,4,L’électroménager,1,la cuisinière,炉灶；厨房灶具,/la kɥizinjɛʁ/,manual_draft_review_needed,printed_bullet,la cuisinière,la cuisinière,Édito A1_2022 LE.pdf
U07P01-G04-E02,7,1,U07P01,"Le logement, l’équipement",105,4,L’électroménager,2,le four (à micro-ondes),烤箱；微波炉,/lə fuʁ / lə fuʁ a mikʁo ɔ̃d/,manual_draft_review_needed,printed_bullet,le four (à micro-ondes),le four (à micro-ondes),Édito A1_2022 LE.pdf
U07P01-G04-E03,7,1,U07P01,"Le logement, l’équipement",105,4,L’électroménager,3,le lave-linge,洗衣机,/lə lav lɛ̃ʒ/,manual_draft_review_needed,printed_bullet,le lave-linge,le lave-linge,Édito A1_2022 LE.pdf
U07P01-G04-E04,7,1,U07P01,"Le logement, l’équipement",105,4,L’électroménager,4,le réfrigérateur/le frigo (fam.),冰箱；冰箱（口语）,/lə ʁefʁiʒeʁatœʁ / lə fʁiɡo/,manual_draft_review_needed,printed_bullet,le réfrigérateur/le frigo (fam.),le réfrigérateur/le frigo (fam.),Édito A1_2022 LE.pdf
U07P01-G05-E01,7,1,U07P01,"Le logement, l’équipement",105,5,Les objets et la décoration,1,l’aquarium (m.),水族箱；鱼缸,/lakwaʁjɔm/,manual_draft_review_needed,printed_bullet,l’aquarium (m.),l’aquarium (m.),Édito A1_2022 LE.pdf
U07P01-G05-E02,7,1,U07P01,"Le logement, l’équipement",105,5,Les objets et la décoration,2,décorer,装饰；布置,/dekɔʁe/,manual_draft_review_needed,printed_bullet,décorer,décorer,Édito A1_2022 LE.pdf
U07P01-G05-E03,7,1,U07P01,"Le logement, l’équipement",105,5,Les objets et la décoration,3,la lampe,灯,/la lɑ̃p/,manual_draft_review_needed,printed_bullet,la lampe,la lampe,Édito A1_2022 LE.pdf
U07P01-G05-E04,7,1,U07P01,"Le logement, l’équipement",105,5,Les objets et la décoration,4,la plante,植物,/la plɑ̃t/,manual_draft_review_needed,printed_bullet,la plante,la plante,Édito A1_2022 LE.pdf
U07P01-G05-E05,7,1,U07P01,"Le logement, l’équipement",105,5,Les objets et la décoration,5,le tableau,画；装饰画,/lə tablo/,manual_draft_review_needed,printed_bullet,le tableau,le tableau,Édito A1_2022 LE.pdf
U07P01-G05-E06,7,1,U07P01,"Le logement, l’équipement",105,5,Les objets et la décoration,6,le tapis,地毯,/lə tapi/,manual_draft_review_needed,printed_bullet,le tapis,le tapis,Édito A1_2022 LE.pdf
U07P01-G05-E07,7,1,U07P01,"Le logement, l’équipement",105,5,Les objets et la décoration,7,la télévision,电视机；电视,/la televizjɔ̃/,manual_draft_review_needed,printed_bullet,la télévision,la télévision,Édito A1_2022 LE.pdf
U07P02-G01-E01,7,2,U07P02,"L’immeuble, les réparations",111,1,L’immeuble,1,l’appartement (m.),公寓,/lapaʁtəmɑ̃/,manual_draft_review_needed,printed_bullet,l’appartement (m.),l’appartement (m.),Édito A1_2022 LE.pdf
U07P02-G01-E02,7,2,U07P02,"L’immeuble, les réparations",111,1,L’immeuble,2,l’ascenseur (m.),电梯,/lasɑ̃sœʁ/,manual_draft_review_needed,printed_bullet,l’ascenseur (m.),l’ascenseur (m.),Édito A1_2022 LE.pdf
U07P02-G01-E03,7,2,U07P02,"L’immeuble, les réparations",111,1,L’immeuble,3,le balcon,阳台,/lə balkɔ̃/,manual_draft_review_needed,printed_bullet,le balcon,le balcon,Édito A1_2022 LE.pdf
U07P02-G01-E04,7,2,U07P02,"L’immeuble, les réparations",111,1,L’immeuble,4,le couloir,走廊,/lə kulwaʁ/,manual_draft_review_needed,printed_bullet,le couloir,le couloir,Édito A1_2022 LE.pdf
U07P02-G01-E05,7,2,U07P02,"L’immeuble, les réparations",111,1,L’immeuble,5,l’escalier (m.),楼梯,/lɛskalje/,manual_draft_review_needed,printed_bullet,l’escalier (m.),l’escalier (m.),Édito A1_2022 LE.pdf
U07P02-G01-E06,7,2,U07P02,"L’immeuble, les réparations",111,1,L’immeuble,6,le hall,大厅；门厅,/lə ɔl/,manual_draft_review_needed,printed_bullet,le hall,le hall,Édito A1_2022 LE.pdf
U07P02-G01-E07,7,2,U07P02,"L’immeuble, les réparations",111,1,L’immeuble,7,le local à poubelles,垃圾存放间,/lə lɔkal a pubɛl/,manual_draft_review_needed,printed_bullet,le local à poubelles,le local à poubelles,Édito A1_2022 LE.pdf
U07P02-G01-E08,7,2,U07P02,"L’immeuble, les réparations",111,1,L’immeuble,8,le local à vélos,自行车存放室,/lə lɔkal a velo/,manual_draft_review_needed,printed_bullet,le local à vélos,le local à vélos,Édito A1_2022 LE.pdf
U07P02-G01-E09,7,2,U07P02,"L’immeuble, les réparations",111,1,L’immeuble,9,la pelouse,草坪,/la pəluz/,manual_draft_review_needed,printed_bullet,la pelouse,la pelouse,Édito A1_2022 LE.pdf
U07P02-G01-E10,7,2,U07P02,"L’immeuble, les réparations",111,1,L’immeuble,10,la porte (d’entrée),门；入户门,/la pɔʁt / la pɔʁt dɑ̃tʁe/,manual_draft_review_needed,printed_bullet,la porte (d’entrée),la porte (d’entrée),Édito A1_2022 LE.pdf
U07P02-G01-E11,7,2,U07P02,"L’immeuble, les réparations",111,1,L’immeuble,11,la résidence,住宅楼；住宅区,/la ʁezidɑ̃s/,manual_draft_review_needed,printed_bullet,la résidence,la résidence,Édito A1_2022 LE.pdf
U07P02-G01-E12,7,2,U07P02,"L’immeuble, les réparations",111,1,L’immeuble,12,le/la voisin(e),邻居（男／女）,/lə vwazɛ̃ / la vwazin/,manual_draft_review_needed,printed_bullet,le/la voisin(e),le/la voisin(e),Édito A1_2022 LE.pdf
U07P02-G02-E01,7,2,U07P02,"L’immeuble, les réparations",111,2,"Les problèmes, les pannes et les solutions",1,la fuite d’eau,漏水,/la fɥit do/,manual_draft_review_needed,printed_bullet,la fuite d’eau,la fuite d’eau,Édito A1_2022 LE.pdf
U07P02-G02-E02,7,2,U07P02,"L’immeuble, les réparations",111,2,"Les problèmes, les pannes et les solutions",2,fonctionner,运转；正常工作,/fɔ̃ksjɔne/,manual_draft_review_needed,printed_bullet,fonctionner,fonctionner,Édito A1_2022 LE.pdf
U07P02-G02-E03,7,2,U07P02,"L’immeuble, les réparations",111,2,"Les problèmes, les pannes et les solutions",3,marcher,运转；起作用（设备）,/maʁʃe/,manual_draft_review_needed,printed_bullet,marcher,marcher,Édito A1_2022 LE.pdf
U07P02-G02-E04,7,2,U07P02,"L’immeuble, les réparations",111,2,"Les problèmes, les pannes et les solutions",4,réparer,修理,/ʁepaʁe/,manual_draft_review_needed,printed_bullet,réparer,réparer,Édito A1_2022 LE.pdf
U07P02-G03-E01,7,2,U07P02,"L’immeuble, les réparations",111,3,Les professionnels,1,l’électricien (m.),电工,/lelɛktʁisjɛ̃/,manual_draft_review_needed,printed_bullet,l’électricien (m.),l’électricien (m.),Édito A1_2022 LE.pdf
U07P02-G03-E02,7,2,U07P02,"L’immeuble, les réparations",111,3,Les professionnels,2,l’informaticien (m.),计算机技术人员；电脑维修人员,/lɛ̃fɔʁmatisjɛ̃/,manual_draft_review_needed,printed_bullet,l’informaticien (m.),l’informaticien (m.),Édito A1_2022 LE.pdf
U07P02-G03-E03,7,2,U07P02,"L’immeuble, les réparations",111,3,Les professionnels,3,le peintre,油漆工；粉刷工,/lə pɛ̃tʁ/,manual_draft_review_needed,printed_bullet,le peintre,le peintre,Édito A1_2022 LE.pdf
U07P02-G03-E04,7,2,U07P02,"L’immeuble, les réparations",111,3,Les professionnels,4,le plombier,水管工,/lə plɔ̃bje/,manual_draft_review_needed,printed_bullet,le plombier,le plombier,Édito A1_2022 LE.pdf
U07P02-G03-E05,7,2,U07P02,"L’immeuble, les réparations",111,3,Les professionnels,5,le serrurier,锁匠,/lə seʁyʁje/,manual_draft_review_needed,printed_bullet,le serrurier,le serrurier,Édito A1_2022 LE.pdf
U08P01-G01-E01,8,1,U08P01,Le corps et la santé,119,1,Les parties du corps,1,le bras,胳膊；手臂,/lə bʁɑ/,manual_draft_review_needed,printed_bullet,le bras,le bras,Édito A1_2022 LE.pdf
U08P01-G01-E02,8,1,U08P01,Le corps et la santé,119,1,Les parties du corps,2,le dos,背部,/lə do/,manual_draft_review_needed,printed_bullet,le dos,le dos,Édito A1_2022 LE.pdf
U08P01-G01-E03,8,1,U08P01,Le corps et la santé,119,1,Les parties du corps,3,le genou,膝盖,/lə ʒənu/,manual_draft_review_needed,printed_bullet,le genou,le genou,Édito A1_2022 LE.pdf
U08P01-G01-E04,8,1,U08P01,Le corps et la santé,119,1,Les parties du corps,4,la gorge,喉咙,/la ɡɔʁʒ/,manual_draft_review_needed,printed_bullet,la gorge,la gorge,Édito A1_2022 LE.pdf
U08P01-G01-E05,8,1,U08P01,Le corps et la santé,119,1,Les parties du corps,5,la jambe,腿,/la ʒɑ̃b/,manual_draft_review_needed,printed_bullet,la jambe,la jambe,Édito A1_2022 LE.pdf
U08P01-G01-E06,8,1,U08P01,Le corps et la santé,119,1,Les parties du corps,6,la main,手,/la mɛ̃/,manual_draft_review_needed,printed_bullet,la main,la main,Édito A1_2022 LE.pdf
U08P01-G01-E07,8,1,U08P01,Le corps et la santé,119,1,Les parties du corps,7,le pied,脚,/lə pje/,manual_draft_review_needed,printed_bullet,le pied,le pied,Édito A1_2022 LE.pdf
U08P01-G01-E08,8,1,U08P01,Le corps et la santé,119,1,Les parties du corps,8,la tête,头,/la tɛt/,manual_draft_review_needed,printed_bullet,la tête,la tête,Édito A1_2022 LE.pdf
U08P01-G01-E09,8,1,U08P01,Le corps et la santé,119,1,Les parties du corps,9,le ventre,肚子；腹部,/lə vɑ̃tʁ/,manual_draft_review_needed,printed_bullet,le ventre,le ventre,Édito A1_2022 LE.pdf
U08P01-G02-E01,8,1,U08P01,Le corps et la santé,119,2,Le visage,1,la bouche,嘴；口,/la buʃ/,manual_draft_review_needed,printed_bullet,la bouche,la bouche,Édito A1_2022 LE.pdf
U08P01-G02-E02,8,1,U08P01,Le corps et la santé,119,2,Le visage,2,la dent,牙齿,/la dɑ̃/,manual_draft_review_needed,printed_bullet,la dent,la dent,Édito A1_2022 LE.pdf
U08P01-G02-E03,8,1,U08P01,Le corps et la santé,119,2,Le visage,3,le nez,鼻子,/lə ne/,manual_draft_review_needed,printed_bullet,le nez,le nez,Édito A1_2022 LE.pdf
U08P01-G02-E04,8,1,U08P01,Le corps et la santé,119,2,Le visage,4,l’œil (m.)/les yeux,眼睛（单数／复数）,/lœj / lez jø/,manual_draft_review_needed,printed_bullet,l’œil (m.)/les yeux,l’œil (m.)/les yeux,Édito A1_2022 LE.pdf
U08P01-G02-E05,8,1,U08P01,Le corps et la santé,119,2,Le visage,5,l’oreille (f.),耳朵,/lɔʁɛj/,manual_draft_review_needed,printed_bullet,l’oreille (f.),l’oreille (f.),Édito A1_2022 LE.pdf
U08P01-G03-E01,8,1,U08P01,Le corps et la santé,119,3,La taille et le poids,1,mesurer,身高为；测量,/məzyʁe/,manual_draft_review_needed,printed_bullet,mesurer,mesurer,Édito A1_2022 LE.pdf
U08P01-G03-E02,8,1,U08P01,Le corps et la santé,119,3,La taille et le poids,2,le mètre (= m),米（长度单位）,/lə mɛtʁ/,manual_draft_review_needed,printed_bullet,le mètre (= m),le mètre (= m),Édito A1_2022 LE.pdf
U08P01-G03-E03,8,1,U08P01,Le corps et la santé,119,3,La taille et le poids,3,peser,体重为；称重,/pəze/,manual_draft_review_needed,printed_bullet,peser,peser,Édito A1_2022 LE.pdf
U08P01-G03-E04,8,1,U08P01,Le corps et la santé,119,3,La taille et le poids,4,le kilo (= kg),公斤；千克,/lə kilo/,manual_draft_review_needed,printed_bullet,le kilo (= kg),le kilo (= kg),Édito A1_2022 LE.pdf
U08P01-G04-E01,8,1,U08P01,Le corps et la santé,119,4,"Les symptômes, les maladies",1,la fièvre,发烧；发热,/la fjɛvʁ/,manual_draft_review_needed,printed_bullet,la fièvre,la fièvre,Édito A1_2022 LE.pdf
U08P01-G04-E02,8,1,U08P01,Le corps et la santé,119,4,"Les symptômes, les maladies",2,la grippe,流行性感冒；流感,/la ɡʁip/,manual_draft_review_needed,printed_bullet,la grippe,la grippe,Édito A1_2022 LE.pdf
U08P01-G04-E03,8,1,U08P01,Le corps et la santé,119,4,"Les symptômes, les maladies",3,malade,生病的；病人,/malad/,manual_draft_review_needed,printed_bullet,malade,malade,Édito A1_2022 LE.pdf
U08P01-G04-E04,8,1,U08P01,Le corps et la santé,119,4,"Les symptômes, les maladies",4,le rhume,感冒,/lə ʁym/,manual_draft_review_needed,printed_bullet,le rhume,le rhume,Édito A1_2022 LE.pdf
U08P01-G04-E05,8,1,U08P01,Le corps et la santé,119,4,"Les symptômes, les maladies",5,tousser,咳嗽（动词）,/tuse/,manual_draft_review_needed,printed_bullet,tousser,tousser,Édito A1_2022 LE.pdf
U08P01-G04-E06,8,1,U08P01,Le corps et la santé,119,4,"Les symptômes, les maladies",6,la toux,咳嗽,/la tu/,manual_draft_review_needed,printed_bullet,la toux,la toux,Édito A1_2022 LE.pdf
U08P01-G05-E01,8,1,U08P01,Le corps et la santé,119,5,"Les lieux, les médicaments, les examens",1,l’hôpital (m.),医院,/lopital/,manual_draft_review_needed,printed_bullet,l’hôpital (m.),l’hôpital (m.),Édito A1_2022 LE.pdf
U08P01-G05-E02,8,1,U08P01,Le corps et la santé,119,5,"Les lieux, les médicaments, les examens",2,la pharmacie,药店,/la faʁmasi/,manual_draft_review_needed,printed_bullet,la pharmacie,la pharmacie,Édito A1_2022 LE.pdf
U08P01-G05-E03,8,1,U08P01,Le corps et la santé,119,5,"Les lieux, les médicaments, les examens",3,le paracétamol,对乙酰氨基酚；扑热息痛,/lə paʁasetamɔl/,manual_draft_review_needed,printed_bullet,le paracétamol,le paracétamol,Édito A1_2022 LE.pdf
U08P01-G05-E04,8,1,U08P01,Le corps et la santé,119,5,"Les lieux, les médicaments, les examens",4,la radio,X光检查；X光片,/la ʁadjo/,manual_draft_review_needed,printed_bullet,la radio,la radio,Édito A1_2022 LE.pdf
U08P01-G05-E05,8,1,U08P01,Le corps et la santé,119,5,"Les lieux, les médicaments, les examens",5,le sirop,糖浆；止咳糖浆,/lə siʁo/,manual_draft_review_needed,printed_bullet,le sirop,le sirop,Édito A1_2022 LE.pdf
U08P01-G05-E06,8,1,U08P01,Le corps et la santé,119,5,"Les lieux, les médicaments, les examens",6,la visite à domicile,上门出诊；家庭诊疗,/la vizit a dɔmisil/,manual_draft_review_needed,printed_bullet,la visite à domicile,la visite à domicile,Édito A1_2022 LE.pdf
U08P01-G05-E07,8,1,U08P01,Le corps et la santé,119,5,"Les lieux, les médicaments, les examens",7,la vitamine C,维生素C,/la vitamin se/,manual_draft_review_needed,printed_bullet,la vitamine C,la vitamine C,Édito A1_2022 LE.pdf
U08P01-G06-E01,8,1,U08P01,Le corps et la santé,119,6,Les professions médicales,1,le dentiste,牙医,/lə dɑ̃tist/,manual_draft_review_needed,printed_bullet,le dentiste,le dentiste,Édito A1_2022 LE.pdf
U08P01-G06-E02,8,1,U08P01,Le corps et la santé,119,6,Les professions médicales,2,"le/la docteur(e), le médecin",医生（男／女）；医师,/lə dɔktœʁ / la dɔktœʁ / lə medsɛ̃/,manual_draft_review_needed,printed_bullet,"le/la docteur(e), le médecin","le/la docteur(e), le médecin",Édito A1_2022 LE.pdf
U08P01-G06-E03,8,1,U08P01,Le corps et la santé,119,6,Les professions médicales,3,"l’infirmier (m.), l’infirmière (f.)",护士（男／女）,/lɛ̃fiʁmje / lɛ̃fiʁmjɛʁ/,manual_draft_review_needed,printed_bullet,"l’infirmier (m.), l’infirmière (f.)","l’infirmier (m.), l’infirmière (f.)",Édito A1_2022 LE.pdf
U08P01-G06-E04,8,1,U08P01,Le corps et la santé,119,6,Les professions médicales,4,"le pharmacien, la pharmacienne",药剂师；药店店员（男／女）,/lə faʁmasjɛ̃ / la faʁmasjɛn/,manual_draft_review_needed,printed_bullet,"le pharmacien, la pharmacienne","le pharmacien, la pharmacienne",Édito A1_2022 LE.pdf
U08P01-G07-E01,8,1,U08P01,Le corps et la santé,119,7,Les émotions positives et négatives,1,content(e),高兴的；满意的（男／女）,/kɔ̃tɑ̃ / kɔ̃tɑ̃t/,manual_draft_review_needed,printed_bullet,content(e),content(e),Édito A1_2022 LE.pdf
U08P01-G07-E02,8,1,U08P01,Le corps et la santé,119,7,Les émotions positives et négatives,2,fatigué(e),疲倦的；累的（男／女）,/fatiɡe/,manual_draft_review_needed,printed_bullet,fatigué(e),fatigué(e),Édito A1_2022 LE.pdf
U08P01-G07-E03,8,1,U08P01,Le corps et la santé,119,7,Les émotions positives et négatives,3,"heureux, heureuse ≠ malheureux, malheureuse",幸福的／不幸的；开心的／难过的（男／女）,/øʁø / øʁøz / maløʁø / maløʁøz/,manual_draft_review_needed,printed_bullet,"heureux, heureuse ≠ malheureux, malheureuse","heureux, heureuse ≠ malheureux, malheureuse",Édito A1_2022 LE.pdf
U08P01-G07-E04,8,1,U08P01,Le corps et la santé,119,7,Les émotions positives et négatives,4,"inquiet, inquiète",忧虑的（男／女）,/ɛ̃kjɛ / ɛ̃kjɛt/,manual_draft_review_needed,printed_bullet,"inquiet, inquiète","inquiet, inquiète",Édito A1_2022 LE.pdf
U08P01-G07-E05,8,1,U08P01,Le corps et la santé,119,7,Les émotions positives et négatives,5,stressé(e),紧张的；有压力的（男／女）,/stʁese/,manual_draft_review_needed,printed_bullet,stressé(e),stressé(e),Édito A1_2022 LE.pdf
U08P01-G07-E06,8,1,U08P01,Le corps et la santé,119,7,Les émotions positives et négatives,6,triste,悲伤的,/tʁist/,manual_draft_review_needed,printed_bullet,triste,triste,Édito A1_2022 LE.pdf
U08P02-G01-E01,8,2,U08P02,"Le sport, l’alimentation",125,1,La salle de sport,1,l’activité (f.) physique,身体活动；体育活动,/laktivite fizik/,manual_draft_review_needed,printed_bullet,l’activité (f.) physique,l’activité (f.) physique,Édito A1_2022 LE.pdf
U08P02-G01-E02,8,2,U08P02,"Le sport, l’alimentation",125,1,La salle de sport,2,l’appareil (m.) de sport,运动器械；健身器材,/lapaʁɛj də spɔʁ/,manual_draft_review_needed,printed_bullet,l’appareil (m.) de sport,l’appareil (m.) de sport,Édito A1_2022 LE.pdf
U08P02-G01-E03,8,2,U08P02,"Le sport, l’alimentation",125,1,La salle de sport,3,le certificat médical,健康证明；医疗证明,/lə sɛʁtifika medikal/,manual_draft_review_needed,printed_bullet,le certificat médical,le certificat médical,Édito A1_2022 LE.pdf
U08P02-G01-E04,8,2,U08P02,"Le sport, l’alimentation",125,1,La salle de sport,4,le coach,教练,/lə kɔtʃ/,manual_draft_review_needed,printed_bullet,le coach,le coach,Édito A1_2022 LE.pdf
U08P02-G01-E05,8,2,U08P02,"Le sport, l’alimentation",125,1,La salle de sport,5,la douche,淋浴；淋浴间,/la duʃ/,manual_draft_review_needed,printed_bullet,la douche,la douche,Édito A1_2022 LE.pdf
U08P02-G01-E06,8,2,U08P02,"Le sport, l’alimentation",125,1,La salle de sport,6,le maillot de bain,泳衣,/lə majo də bɛ̃/,manual_draft_review_needed,printed_bullet,le maillot de bain,le maillot de bain,Édito A1_2022 LE.pdf
U08P02-G01-E07,8,2,U08P02,"Le sport, l’alimentation",125,1,La salle de sport,7,le sauna,桑拿；桑拿浴室,/lə sona/,manual_draft_review_needed,printed_bullet,le sauna,le sauna,Édito A1_2022 LE.pdf
U08P02-G01-E08,8,2,U08P02,"Le sport, l’alimentation",125,1,La salle de sport,8,la serviette de bain,浴巾,/la sɛʁvjɛt də bɛ̃/,manual_draft_review_needed,printed_bullet,la serviette de bain,la serviette de bain,Édito A1_2022 LE.pdf
U08P02-G01-E09,8,2,U08P02,"Le sport, l’alimentation",125,1,La salle de sport,9,le vestiaire,更衣室,/lə vɛstjɛʁ/,manual_draft_review_needed,printed_bullet,le vestiaire,le vestiaire,Édito A1_2022 LE.pdf
U08P02-G02-E01,8,2,U08P02,"Le sport, l’alimentation",125,2,L’alimentation,1,l’alimentation (f.) saine,健康饮食,/lalimɑ̃tasjɔ̃ sɛn/,manual_draft_review_needed,printed_bullet,l’alimentation (f.) saine,l’alimentation (f.) saine,Édito A1_2022 LE.pdf
U08P02-G02-E02,8,2,U08P02,"Le sport, l’alimentation",125,2,L’alimentation,2,la calorie,卡路里；热量,/la kalɔʁi/,manual_draft_review_needed,printed_bullet,la calorie,la calorie,Édito A1_2022 LE.pdf
U08P02-G02-E03,8,2,U08P02,"Le sport, l’alimentation",125,2,L’alimentation,3,"le produit : gras, salé, sucré",食品：油脂多的、咸的、甜的,/lə pʁɔdɥi / ɡʁɑ / sale / sykʁe/,manual_draft_review_needed,printed_bullet,"le produit : gras, salé, sucré","le produit : gras, salé, sucré",Édito A1_2022 LE.pdf
U08P02-G03-E01,8,2,U08P02,"Le sport, l’alimentation",125,3,Les sports,1,la corde à sauter,跳绳,/la kɔʁd a sote/,espeak_draft_review_needed,printed_bullet,la corde à sauter,la corde à sauter,Édito A1_2022 LE.pdf
U08P02-G03-E02,8,2,U08P02,"Le sport, l’alimentation",125,3,Les sports,2,la course à pied,跑步,/la kuʁs a pje/,espeak_draft_review_needed,printed_bullet,la course à pied,la course à pied,Édito A1_2022 LE.pdf
U08P02-G03-E03,8,2,U08P02,"Le sport, l’alimentation",125,3,Les sports,3,la gymnastique,体操；健身操,/la ʒimnastik/,manual_draft_review_needed,printed_bullet,la gymnastique,la gymnastique,Édito A1_2022 LE.pdf
U08P02-G03-E04,8,2,U08P02,"Le sport, l’alimentation",125,3,Les sports,4,le judo,柔道,/lə ʒydo/,manual_draft_review_needed,printed_bullet,le judo,le judo,Édito A1_2022 LE.pdf
U08P02-G03-E05,8,2,U08P02,"Le sport, l’alimentation",125,3,Les sports,5,la marche (rapide),步行；快走,/la maʁʃ / la maʁʃ ʁapid/,manual_draft_review_needed,printed_bullet,la marche (rapide),la marche (rapide),Édito A1_2022 LE.pdf
U08P02-G03-E06,8,2,U08P02,"Le sport, l’alimentation",125,3,Les sports,6,la musculation,肌肉锻炼；力量训练,/la myskylasjɔ̃/,manual_draft_review_needed,printed_bullet,la musculation,la musculation,Édito A1_2022 LE.pdf
U08P02-G03-E07,8,2,U08P02,"Le sport, l’alimentation",125,3,Les sports,7,la natation,游泳,/la natasjɔ̃/,espeak_draft_review_needed,printed_bullet,la natation,la natation,Édito A1_2022 LE.pdf
U08P02-G03-E08,8,2,U08P02,"Le sport, l’alimentation",125,3,Les sports,8,le rugby,橄榄球（运动）,/lə ʁyɡbi/,manual_draft_review_needed,printed_bullet,le rugby,le rugby,Édito A1_2022 LE.pdf
U08P02-G03-E09,8,2,U08P02,"Le sport, l’alimentation",125,3,Les sports,9,le tennis,网球（运动）,/lə tenis/,manual_draft_review_needed,printed_bullet,le tennis,le tennis,Édito A1_2022 LE.pdf
U08P02-G03-E10,8,2,U08P02,"Le sport, l’alimentation",125,3,Les sports,10,le volley (le volley-ball),排球（运动）,/lə vɔlɛ / lə vɔlɛ bɔl/,manual_draft_review_needed,printed_bullet,le volley (le volley-ball),le volley (le volley-ball),Édito A1_2022 LE.pdf
U08P02-G03-E11,8,2,U08P02,"Le sport, l’alimentation",125,3,Les sports,11,le yoga,瑜伽,/lə jɔɡa/,manual_draft_review_needed,printed_bullet,le yoga,le yoga,Édito A1_2022 LE.pdf
U09P01-G01-E01,9,1,U09P01,Les vacances,133,1,"Les lieux, les destinations",1,la campagne,乡村；农村,/la kɑ̃paɲ/,manual_draft_review_needed,printed_bullet,la campagne,la campagne,Édito A1_2022 LE.pdf
U09P01-G01-E02,9,1,U09P01,Les vacances,133,1,"Les lieux, les destinations",2,l’île (f.),岛屿,/lil/,manual_draft_review_needed,printed_bullet,l’île (f.),l’île (f.),Édito A1_2022 LE.pdf
U09P01-G01-E03,9,1,U09P01,Les vacances,133,1,"Les lieux, les destinations",3,la mer,海；大海,/la mɛʁ/,manual_draft_review_needed,printed_bullet,la mer,la mer,Édito A1_2022 LE.pdf
U09P01-G01-E04,9,1,U09P01,Les vacances,133,1,"Les lieux, les destinations",4,la montagne,山；山区,/la mɔ̃taɲ/,manual_draft_review_needed,printed_bullet,la montagne,la montagne,Édito A1_2022 LE.pdf
U09P01-G01-E05,9,1,U09P01,Les vacances,133,1,"Les lieux, les destinations",5,le village,村庄,/lə vilaʒ/,manual_draft_review_needed,printed_bullet,le village,le village,Édito A1_2022 LE.pdf
U09P01-G02-E01,9,1,U09P01,Les vacances,133,2,L’hébergement,1,le camping,露营；露营地,/lə kɑ̃piŋ/,manual_draft_review_needed,printed_bullet,le camping,le camping,Édito A1_2022 LE.pdf
U09P01-G02-E02,9,1,U09P01,Les vacances,133,2,L’hébergement,2,la chambre d’hôtes,民宿客房；家庭旅馆,/la ʃɑ̃bʁ dot/,manual_draft_review_needed,printed_bullet,la chambre d’hôtes,la chambre d’hôtes,Édito A1_2022 LE.pdf
U09P01-G02-E03,9,1,U09P01,Les vacances,133,2,L’hébergement,3,l’échange (m.) d’appartements/de maisons,公寓／房屋互换住宿,/leʃɑ̃ʒ dapaʁtəmɑ̃ / də mɛzɔ̃/,manual_draft_review_needed,printed_bullet,l’échange (m.) d’appartements/de maisons,l’échange (m.) d’appartements/de maisons,Édito A1_2022 LE.pdf
U09P01-G02-E04,9,1,U09P01,Les vacances,133,2,L’hébergement,4,la ferme,农场,/la fɛʁm/,manual_draft_review_needed,printed_bullet,la ferme,la ferme,Édito A1_2022 LE.pdf
U09P01-G02-E05,9,1,U09P01,Les vacances,133,2,L’hébergement,5,l’hôtel (m.),酒店,/lotɛl/,manual_draft_review_needed,printed_bullet,l’hôtel (m.),l’hôtel (m.),Édito A1_2022 LE.pdf
U09P01-G02-E06,9,1,U09P01,Les vacances,133,2,L’hébergement,6,la location,租赁；度假出租住所,/la lɔkasjɔ̃/,manual_draft_review_needed,printed_bullet,la location,la location,Édito A1_2022 LE.pdf
U09P01-G02-E07,9,1,U09P01,Les vacances,133,2,L’hébergement,7,la tente,帐篷,/la tɑ̃t/,manual_draft_review_needed,printed_bullet,la tente,la tente,Édito A1_2022 LE.pdf
U09P01-G03-E01,9,1,U09P01,Les vacances,133,3,La réservation,1,l’arrivée (f.) ≠ le départ,到达／出发,/laʁive / lə depaʁ/,manual_draft_review_needed,printed_bullet,l’arrivée (f.) ≠ le départ,l’arrivée (f.) ≠ le départ,Édito A1_2022 LE.pdf
U09P01-G03-E02,9,1,U09P01,Les vacances,133,3,La réservation,2,la chambre (simple/double / familiale),房间：单人房／双人房／家庭房,/la ʃɑ̃bʁ / la ʃɑ̃bʁ sɛ̃pl / la ʃɑ̃bʁ dubl / la ʃɑ̃bʁ familjal/,manual_draft_review_needed,printed_bullet,la chambre (simple/double / familiale),la chambre (simple/double / familiale),Édito A1_2022 LE.pdf
U09P01-G03-E03,9,1,U09P01,Les vacances,133,3,La réservation,3,le lit simple/double / le lit bébé,单人床／双人床／婴儿床,/lə li sɛ̃pl / lə li dubl / lə li bebe/,manual_draft_review_needed,printed_bullet,le lit simple/double / le lit bébé,le lit simple/double / le lit bébé,Édito A1_2022 LE.pdf
U09P01-G03-E04,9,1,U09P01,Les vacances,133,3,La réservation,4,le parking,停车场,/lə paʁkiŋ/,manual_draft_review_needed,printed_bullet,le parking,le parking,Édito A1_2022 LE.pdf
U09P01-G03-E05,9,1,U09P01,Les vacances,133,3,La réservation,5,le petit déjeuner compris / les animaux acceptés,含早餐；允许携带宠物,/lə pəti deʒœne kɔ̃pʁi / lez animo aksɛpte/,manual_draft_review_needed,printed_bullet,le petit déjeuner compris / les animaux acceptés,le petit déjeuner compris / les animaux acceptés,Édito A1_2022 LE.pdf
U09P01-G03-E06,9,1,U09P01,Les vacances,133,3,La réservation,6,réserver une chambre,预订房间,/ʁezɛʁve yn ʃɑ̃bʁ/,manual_draft_review_needed,printed_bullet,réserver une chambre,réserver une chambre,Édito A1_2022 LE.pdf
U09P01-G04-E01,9,1,U09P01,Les vacances,133,4,Les moyens de transport,1,l’avion (m.) → à l’aéroport,飞机；在机场,/lavjɔ̃ / a laeʁɔpɔʁ/,manual_draft_review_needed,printed_bullet,l’avion (m.) → à l’aéroport,l’avion (m.) → à l’aéroport,Édito A1_2022 LE.pdf
U09P01-G04-E02,9,1,U09P01,Les vacances,133,4,Les moyens de transport,2,le van,厢式车；旅居厢式车,/lə van/,manual_draft_review_needed,printed_bullet,le van,le van,Édito A1_2022 LE.pdf
U09P01-G04-E03,9,1,U09P01,Les vacances,133,4,Les moyens de transport,3,la voiture,汽车,/la vwatyʁ/,espeak_draft_review_needed,printed_bullet,la voiture,la voiture,Édito A1_2022 LE.pdf
U09P01-G05-E01,9,1,U09P01,Les vacances,133,5,Les activités,1,se baigner,游泳；戏水；洗海水浴,/sə beɲe/,manual_draft_review_needed,printed_bullet,se baigner,se baigner,Édito A1_2022 LE.pdf
U09P01-G05-E02,9,1,U09P01,Les vacances,133,5,Les activités,2,bronzer,晒太阳；晒黑,/bʁɔ̃ze/,manual_draft_review_needed,printed_bullet,bronzer,bronzer,Édito A1_2022 LE.pdf
U09P01-G05-E03,9,1,U09P01,Les vacances,133,5,Les activités,3,faire de la randonnée,徒步旅行,/fɛʁ də la ʁɑ̃dɔne/,manual_draft_review_needed,printed_bullet,faire de la randonnée,faire de la randonnée,Édito A1_2022 LE.pdf
U09P01-G05-E04,9,1,U09P01,Les vacances,133,5,Les activités,4,faire du surf,冲浪,/fɛʁ dy sœʁf/,manual_draft_review_needed,printed_bullet,faire du surf,faire du surf,Édito A1_2022 LE.pdf
U09P01-G05-E05,9,1,U09P01,Les vacances,133,5,Les activités,5,goûter la cuisine locale,品尝当地菜肴,/ɡute la kɥizin lɔkal/,manual_draft_review_needed,printed_bullet,goûter la cuisine locale,goûter la cuisine locale,Édito A1_2022 LE.pdf
U09P01-G05-E06,9,1,U09P01,Les vacances,133,5,Les activités,6,prendre des photos,拍照,/pʁɑ̃dʁ de foto/,manual_draft_review_needed,printed_bullet,prendre des photos,prendre des photos,Édito A1_2022 LE.pdf
U09P01-G05-E07,9,1,U09P01,Les vacances,133,5,Les activités,7,visiter un musée/un village (traditionnel),参观博物馆／游览村庄（传统村落）,/vizite œ̃ myze / œ̃ vilaʒ / œ̃ vilaʒ tʁadisjɔnɛl/,manual_draft_review_needed,printed_bullet,visiter un musée/un village (traditionnel),visiter un musée/un village (traditionnel),Édito A1_2022 LE.pdf
U09P02-G01-E01,9,2,U09P02,La nature,139,1,Les lieux,1,le champ,田地,/lə ʃɑ̃/,manual_draft_review_needed,printed_bullet,le champ,le champ,Édito A1_2022 LE.pdf
U09P02-G01-E02,9,2,U09P02,La nature,139,1,Les lieux,2,le chemin,小路；道路,/lə ʃəmɛ̃/,manual_draft_review_needed,printed_bullet,le chemin,le chemin,Édito A1_2022 LE.pdf
U09P02-G01-E03,9,2,U09P02,La nature,139,1,Les lieux,3,la forêt,森林,/la fɔʁɛ/,manual_draft_review_needed,printed_bullet,la forêt,la forêt,Édito A1_2022 LE.pdf
U09P02-G01-E04,9,2,U09P02,La nature,139,1,Les lieux,4,le lac,湖,/lə lak/,manual_draft_review_needed,printed_bullet,le lac,le lac,Édito A1_2022 LE.pdf
U09P02-G01-E05,9,2,U09P02,La nature,139,1,Les lieux,5,la plage,海滩,/la plaʒ/,manual_draft_review_needed,printed_bullet,la plage,la plage,Édito A1_2022 LE.pdf
U09P02-G01-E06,9,2,U09P02,La nature,139,1,Les lieux,6,la rivière,河流,/la ʁivjɛʁ/,manual_draft_review_needed,printed_bullet,la rivière,la rivière,Édito A1_2022 LE.pdf
U09P02-G02-E01,9,2,U09P02,La nature,139,2,La flore,1,l’arbre (m.),树,/laʁbʁ/,manual_draft_review_needed,printed_bullet,l’arbre (m.),l’arbre (m.),Édito A1_2022 LE.pdf
U09P02-G02-E02,9,2,U09P02,La nature,139,2,La flore,2,la fleur,花,/la flœʁ/,manual_draft_review_needed,printed_bullet,la fleur,la fleur,Édito A1_2022 LE.pdf
U09P02-G02-E03,9,2,U09P02,La nature,139,2,La flore,3,l’herbe (f.),草；草地,/lɛʁb/,manual_draft_review_needed,printed_bullet,l’herbe (f.),l’herbe (f.),Édito A1_2022 LE.pdf
U09P02-G02-E04,9,2,U09P02,La nature,139,2,La flore,4,la plante,植物,/la plɑ̃t/,manual_draft_review_needed,printed_bullet,la plante,la plante,Édito A1_2022 LE.pdf
U09P02-G03-E01,9,2,U09P02,La nature,139,3,Les animaux,1,le canard,鸭子,/lə kanaʁ/,manual_draft_review_needed,printed_bullet,le canard,le canard,Édito A1_2022 LE.pdf
U09P02-G03-E02,9,2,U09P02,La nature,139,3,Les animaux,2,le chat,猫,/lə ʃa/,manual_draft_review_needed,printed_bullet,le chat,le chat,Édito A1_2022 LE.pdf
U09P02-G03-E03,9,2,U09P02,La nature,139,3,Les animaux,3,le cheval,马,/lə ʃəval/,manual_draft_review_needed,printed_bullet,le cheval,le cheval,Édito A1_2022 LE.pdf
U09P02-G03-E04,9,2,U09P02,La nature,139,3,Les animaux,4,le chien,狗,/lə ʃjɛ̃/,manual_draft_review_needed,printed_bullet,le chien,le chien,Édito A1_2022 LE.pdf
U09P02-G03-E05,9,2,U09P02,La nature,139,3,Les animaux,5,le lapin,兔子,/lə lapɛ̃/,manual_draft_review_needed,printed_bullet,le lapin,le lapin,Édito A1_2022 LE.pdf
U09P02-G03-E06,9,2,U09P02,La nature,139,3,Les animaux,6,l’oiseau (m.),鸟,/lwazo/,manual_draft_review_needed,printed_bullet,l’oiseau (m.),l’oiseau (m.),Édito A1_2022 LE.pdf
U09P02-G03-E07,9,2,U09P02,La nature,139,3,Les animaux,7,le poisson,鱼,/lə pwasɔ̃/,manual_draft_review_needed,printed_bullet,le poisson,le poisson,Édito A1_2022 LE.pdf
U09P02-G03-E08,9,2,U09P02,La nature,139,3,Les animaux,8,la poule,母鸡,/la pul/,manual_draft_review_needed,printed_bullet,la poule,la poule,Édito A1_2022 LE.pdf
U09P02-G03-E09,9,2,U09P02,La nature,139,3,Les animaux,9,la vache,奶牛；母牛,/la vaʃ/,manual_draft_review_needed,printed_bullet,la vache,la vache,Édito A1_2022 LE.pdf
U09P02-G04-E01,9,2,U09P02,La nature,139,4,Les activités,1,faire du bateau,乘船游玩；划船,/fɛʁ dy bato/,manual_draft_review_needed,printed_bullet,faire du bateau,faire du bateau,Édito A1_2022 LE.pdf
U09P02-G04-E02,9,2,U09P02,La nature,139,4,Les activités,2,faire de la plongée,潜水,/fɛʁ də la plɔ̃ʒe/,manual_draft_review_needed,printed_bullet,faire de la plongée,faire de la plongée,Édito A1_2022 LE.pdf
U09P02-G04-E03,9,2,U09P02,La nature,139,4,Les activités,3,pique-niquer,野餐（动词）,/pik nike/,manual_draft_review_needed,printed_bullet,pique-niquer,pique-niquer,Édito A1_2022 LE.pdf
U10P01-G01-E01,10,1,U10P01,"L’université, les études",147,1,Le campus,1,"l’amphithéâtre, l’amphi (m.)",阶梯教室；阶梯教室（简称）,/lɑ̃fiteatʁ / lɑ̃fi/,manual_draft_review_needed,printed_bullet,"l’amphithéâtre, l’amphi (m.)","l’amphithéâtre, l’amphi (m.)",Édito A1_2022 LE.pdf
U10P01-G01-E02,10,1,U10P01,"L’université, les études",147,1,Le campus,2,la bibliothèque,图书馆,/la biblijɔtɛk/,manual_draft_review_needed,printed_bullet,la bibliothèque,la bibliothèque,Édito A1_2022 LE.pdf
U10P01-G01-E03,10,1,U10P01,"L’université, les études",147,1,Le campus,3,le logement étudiant,学生住房；学生宿舍,/lə lɔʒmɑ̃ etydjɑ̃/,manual_draft_review_needed,printed_bullet,le logement étudiant,le logement étudiant,Édito A1_2022 LE.pdf
U10P01-G01-E04,10,1,U10P01,"L’université, les études",147,1,Le campus,4,"le restaurant universitaire, le resto U (fam.)",大学食堂；大学食堂（口语简称）,/lə ʁɛstɔʁɑ̃ ynivɛʁsitɛʁ / lə ʁɛsto y/,manual_draft_review_needed,printed_bullet,"le restaurant universitaire, le resto U (fam.)","le restaurant universitaire, le resto U (fam.)",Édito A1_2022 LE.pdf
U10P01-G01-E05,10,1,U10P01,"L’université, les études",147,1,Le campus,5,la salle de cours,教室,/la sal də kuʁ/,manual_draft_review_needed,printed_bullet,la salle de cours,la salle de cours,Édito A1_2022 LE.pdf
U10P01-G01-E06,10,1,U10P01,"L’université, les études",147,1,Le campus,6,le secrétariat,秘书处；行政办公室,/lə səkʁetaʁja/,manual_draft_review_needed,printed_bullet,le secrétariat,le secrétariat,Édito A1_2022 LE.pdf
U10P01-G01-E07,10,1,U10P01,"L’université, les études",147,1,Le campus,7,l’université (f.),大学,/lynivɛʁsite/,manual_draft_review_needed,printed_bullet,l’université (f.),l’université (f.),Édito A1_2022 LE.pdf
U10P01-G02-E01,10,1,U10P01,"L’université, les études",147,2,Les études et les personnes,1,le cours,课程；课,/lə kuʁ/,manual_draft_review_needed,printed_bullet,le cours,le cours,Édito A1_2022 LE.pdf
U10P01-G02-E02,10,1,U10P01,"L’université, les études",147,2,Les études et les personnes,2,"le diplôme (la licence, le master, le doctorat)",文凭：学士、硕士、博士学位,/lə diplom / la lisɑ̃s / lə mastɛʁ / lə dɔktɔʁa/,manual_draft_review_needed,printed_bullet,"le diplôme (la licence, le master, le doctorat)","le diplôme (la licence, le master, le doctorat)",Édito A1_2022 LE.pdf
U10P01-G02-E03,10,1,U10P01,"L’université, les études",147,2,Les études et les personnes,3,l’enseignant(e),教师（男／女）,/lɑ̃sɛɲɑ̃ / lɑ̃sɛɲɑ̃t/,manual_draft_review_needed,printed_bullet,l’enseignant(e),l’enseignant(e),Édito A1_2022 LE.pdf
U10P01-G02-E04,10,1,U10P01,"L’université, les études",147,2,Les études et les personnes,4,le/la professeur(e),教师；教授（男／女）,/lə pʁɔfɛsœʁ / la pʁɔfɛsœʁ/,manual_draft_review_needed,printed_bullet,le/la professeur(e),le/la professeur(e),Édito A1_2022 LE.pdf
U10P01-G02-E05,10,1,U10P01,"L’université, les études",147,2,Les études et les personnes,5,les études,学习；学业,/lez etyd/,manual_draft_review_needed,printed_bullet,les études,les études,Édito A1_2022 LE.pdf
U10P01-G02-E06,10,1,U10P01,"L’université, les études",147,2,Les études et les personnes,6,l’étudiant(e),学生；大学生（男／女）,/letydjɑ̃ / letydjɑ̃t/,manual_draft_review_needed,printed_bullet,l’étudiant(e),l’étudiant(e),Édito A1_2022 LE.pdf
U10P01-G02-E07,10,1,U10P01,"L’université, les études",147,2,Les études et les personnes,7,étudier,学习；求学,/etydje/,manual_draft_review_needed,printed_bullet,étudier,étudier,Édito A1_2022 LE.pdf
U10P01-G02-E08,10,1,U10P01,"L’université, les études",147,2,Les études et les personnes,8,faire des études,上学；读书；接受教育,/fɛʁ dez etyd/,manual_draft_review_needed,printed_bullet,faire des études,faire des études,Édito A1_2022 LE.pdf
U10P01-G02-E09,10,1,U10P01,"L’université, les études",147,2,Les études et les personnes,9,faire un stage,实习,/fɛʁ œ̃ staʒ/,espeak_draft_review_needed,printed_bullet,faire un stage,faire un stage,Édito A1_2022 LE.pdf
U10P01-G02-E10,10,1,U10P01,"L’université, les études",147,2,Les études et les personnes,10,s’inscrire,注册；报名,/sɛ̃skʁiʁ/,espeak_draft_review_needed,printed_bullet,s’inscrire,s’inscrire,Édito A1_2022 LE.pdf
U10P01-G02-E11,10,1,U10P01,"L’université, les études",147,2,Les études et les personnes,11,la formation,课程培训；教育；学习项目,/la fɔʁmasjɔ̃/,manual_draft_review_needed,printed_bullet,la formation,la formation,Édito A1_2022 LE.pdf
U10P01-G02-E12,10,1,U10P01,"L’université, les études",147,2,Les études et les personnes,12,la note,分数；成绩,/la nɔt/,manual_draft_review_needed,printed_bullet,la note,la note,Édito A1_2022 LE.pdf
U10P01-G03-E01,10,1,U10P01,"L’université, les études",147,3,Les disciplines,1,le commerce,商科；商业,/lə kɔmɛʁs/,manual_draft_review_needed,printed_bullet,le commerce,le commerce,Édito A1_2022 LE.pdf
U10P01-G03-E02,10,1,U10P01,"L’université, les études",147,3,Les disciplines,2,le droit,法学；法律,/lə dʁwa/,manual_draft_review_needed,printed_bullet,le droit,le droit,Édito A1_2022 LE.pdf
U10P01-G03-E03,10,1,U10P01,"L’université, les études",147,3,Les disciplines,3,l’économie (f.),经济学,/lekɔnɔmi/,manual_draft_review_needed,printed_bullet,l’économie (f.),l’économie (f.),Édito A1_2022 LE.pdf
U10P01-G03-E04,10,1,U10P01,"L’université, les études",147,3,Les disciplines,4,l’informatique (f.),计算机科学；信息技术（学科）,/lɛ̃fɔʁmatik/,manual_draft_review_needed,printed_bullet,l’informatique (m.),l’informatique (m.),Édito A1_2022 LE.pdf
U10P01-G03-E05,10,1,U10P01,"L’université, les études",147,3,Les disciplines,5,les langues,语言；外语（学科）,/le lɑ̃ɡ/,manual_draft_review_needed,printed_bullet,les langues,les langues,Édito A1_2022 LE.pdf
U10P01-G03-E06,10,1,U10P01,"L’université, les études",147,3,Les disciplines,6,les lettres,文学；人文学科,/le lɛtʁ/,manual_draft_review_needed,printed_bullet,les lettres,les lettres,Édito A1_2022 LE.pdf
U10P01-G03-E07,10,1,U10P01,"L’université, les études",147,3,Les disciplines,7,les mathématiques,数学,/le matematik/,manual_draft_review_needed,printed_bullet,les mathématiques,les mathématiques,Édito A1_2022 LE.pdf
U10P01-G03-E08,10,1,U10P01,"L’université, les études",147,3,Les disciplines,8,les sciences,科学；自然科学,/le sjɑ̃s/,manual_draft_review_needed,printed_bullet,les sciences,les sciences,Édito A1_2022 LE.pdf
U10P02-G01-E01,10,2,U10P02,"L’entreprise, la vie professionnelle",153,1,Les conditions et les lieux de travail,1,le bureau,办公室；办公场所,/lə byʁo/,manual_draft_review_needed,printed_bullet,le bureau,le bureau,Édito A1_2022 LE.pdf
U10P02-G01-E02,10,2,U10P02,"L’entreprise, la vie professionnelle",153,1,Les conditions et les lieux de travail,2,le contrat,合同；劳动合同,/lə kɔ̃tʁa/,manual_draft_review_needed,printed_bullet,le contrat,le contrat,Édito A1_2022 LE.pdf
U10P02-G01-E03,10,2,U10P02,"L’entreprise, la vie professionnelle",153,1,Les conditions et les lieux de travail,3,les horaires,工作时间；作息时段,/lez ɔʁɛʁ/,manual_draft_review_needed,printed_bullet,les horaires,les horaires,Édito A1_2022 LE.pdf
U10P02-G01-E04,10,2,U10P02,"L’entreprise, la vie professionnelle",153,1,Les conditions et les lieux de travail,4,la machine à café,咖啡机,/la maʃin a kafe/,manual_draft_review_needed,printed_bullet,la machine à café,la machine à café,Édito A1_2022 LE.pdf
U10P02-G01-E05,10,2,U10P02,"L’entreprise, la vie professionnelle",153,1,Les conditions et les lieux de travail,5,la pause-déjeuner,午餐休息时间,/la poz deʒœne/,manual_draft_review_needed,printed_bullet,la pause-déjeuner,la pause-déjeuner,Édito A1_2022 LE.pdf
U10P02-G01-E06,10,2,U10P02,"L’entreprise, la vie professionnelle",153,1,Les conditions et les lieux de travail,6,le poste,岗位；职位,/lə pɔst/,espeak_draft_review_needed,printed_bullet,le poste,le poste,Édito A1_2022 LE.pdf
U10P02-G01-E07,10,2,U10P02,"L’entreprise, la vie professionnelle",153,1,Les conditions et les lieux de travail,7,le restaurant d’entreprise,公司食堂,/lə ʁɛstɔʁɑ̃ dɑ̃tʁəpʁiz/,manual_draft_review_needed,printed_bullet,le restaurant d’entreprise,le restaurant d’entreprise,Édito A1_2022 LE.pdf
U10P02-G01-E08,10,2,U10P02,"L’entreprise, la vie professionnelle",153,1,Les conditions et les lieux de travail,8,le salaire,工资；薪水,/lə salɛʁ/,manual_draft_review_needed,printed_bullet,le salaire,le salaire,Édito A1_2022 LE.pdf
U10P02-G01-E09,10,2,U10P02,"L’entreprise, la vie professionnelle",153,1,Les conditions et les lieux de travail,9,"le télétravail, faire du télétravail",远程办公；进行远程办公,/lə teletʁavaj / fɛʁ dy teletʁavaj/,manual_draft_review_needed,printed_bullet,"le télétravail, faire du télétravail","le télétravail, faire du télétravail",Édito A1_2022 LE.pdf
U10P02-G02-E01,10,2,U10P02,"L’entreprise, la vie professionnelle",153,2,Les professions,1,"l’agriculteur, l’agricultrice",农民；农业工作者（男／女）,/laɡʁikyltœʁ / laɡʁikyltʁis/,manual_draft_review_needed,printed_bullet,"l’agriculteur, l’agricultrice","l’agriculteur, l’agricultrice",Édito A1_2022 LE.pdf
U10P02-G02-E02,10,2,U10P02,"L’entreprise, la vie professionnelle",153,2,Les professions,2,l’artiste (m./f.),艺术家（男／女）,/laʁtist/,manual_draft_review_needed,printed_bullet,l’artiste (m./f.),l’artiste (m./f.),Édito A1_2022 LE.pdf
U10P02-G02-E03,10,2,U10P02,"L’entreprise, la vie professionnelle",153,2,Les professions,3,"le boucher, la bouchère",肉店店员；屠夫（男／女）,/lə buʃe / la buʃɛʁ/,manual_draft_review_needed,printed_bullet,"le boucher, la bouchère","le boucher, la bouchère",Édito A1_2022 LE.pdf
U10P02-G02-E04,10,2,U10P02,"L’entreprise, la vie professionnelle",153,2,Les professions,4,le chauffeur,司机,/lə ʃofœʁ/,manual_draft_review_needed,printed_bullet,le chauffeur,le chauffeur,Édito A1_2022 LE.pdf
U10P02-G02-E05,10,2,U10P02,"L’entreprise, la vie professionnelle",153,2,Les professions,5,"le comédien, la comédienne",戏剧演员（男／女）,/lə kɔmedjɛ̃ la kɔmedjɛn/,espeak_draft_review_needed,printed_bullet,"le comédien, la comédienne","le comédien, la comédienne",Édito A1_2022 LE.pdf
U10P02-G02-E06,10,2,U10P02,"L’entreprise, la vie professionnelle",153,2,Les professions,6,"le danseur, la danseuse",舞者；舞蹈演员（男／女）,/lə dɑ̃sœʁ / la dɑ̃søz/,manual_draft_review_needed,printed_bullet,"le danseur, la danseuse","le danseur, la danseuse",Édito A1_2022 LE.pdf
U10P02-G02-E07,10,2,U10P02,"L’entreprise, la vie professionnelle",153,2,Les professions,7,le/la journaliste,记者（男／女）,/lə ʒuʁnalist / la ʒuʁnalist/,manual_draft_review_needed,printed_bullet,le/la journaliste,le/la journaliste,Édito A1_2022 LE.pdf
U10P02-G02-E08,10,2,U10P02,"L’entreprise, la vie professionnelle",153,2,Les professions,8,le/la libraire,书店店员；书商（男／女）,/lə libʁɛʁ / la libʁɛʁ/,manual_draft_review_needed,printed_bullet,le/la libraire,le/la libraire,Édito A1_2022 LE.pdf
U10P02-G02-E09,10,2,U10P02,"L’entreprise, la vie professionnelle",153,2,Les professions,9,le/la photographe,摄影师（男／女）,/lə fɔtɔɡʁaf / la fɔtɔɡʁaf/,manual_draft_review_needed,printed_bullet,le/la photographe,le/la photographe,Édito A1_2022 LE.pdf
U10P02-G02-E10,10,2,U10P02,"L’entreprise, la vie professionnelle",153,2,Les professions,10,"le policier, la policière",警察（男／女）,/lə pɔlisje / la pɔlisjɛʁ/,manual_draft_review_needed,printed_bullet,"le policier, la policière","le policier, la policière",Édito A1_2022 LE.pdf
U10P02-G03-E01,10,2,U10P02,"L’entreprise, la vie professionnelle",153,3,Les tâches,1,communiquer,沟通；交流,/kɔmynike/,manual_draft_review_needed,printed_bullet,communiquer,communiquer,Édito A1_2022 LE.pdf
U10P02-G03-E02,10,2,U10P02,"L’entreprise, la vie professionnelle",153,3,Les tâches,2,écrire un mail,写电子邮件,/ekʁiʁ œ̃ mɛl/,manual_draft_review_needed,printed_bullet,écrire un mail,écrire un mail,Édito A1_2022 LE.pdf
U10P02-G03-E03,10,2,U10P02,"L’entreprise, la vie professionnelle",153,3,Les tâches,3,lire un rapport,读报告,/liʁ œ̃ ʁapɔʁ/,manual_draft_review_needed,printed_bullet,lire un rapport,lire un rapport,Édito A1_2022 LE.pdf
U10P02-G03-E04,10,2,U10P02,"L’entreprise, la vie professionnelle",153,3,Les tâches,4,s’organiser,安排自己的工作；合理组织,/sɔʁɡanize/,manual_draft_review_needed,printed_bullet,s’organiser,s’organiser,Édito A1_2022 LE.pdf
U10P02-G03-E05,10,2,U10P02,"L’entreprise, la vie professionnelle",153,3,Les tâches,5,préparer une réunion,准备会议,/pʁepaʁe yn ʁeynjɔ̃/,manual_draft_review_needed,printed_bullet,préparer une réunion,préparer une réunion,Édito A1_2022 LE.pdf
U10P02-G03-E06,10,2,U10P02,"L’entreprise, la vie professionnelle",153,3,Les tâches,6,travailler sur un dossier,处理一个项目／文件；研究一个案卷,/tʁavaje syʁ œ̃ dosje/,manual_draft_review_needed,printed_bullet,travailler sur un dossier,travailler sur un dossier,Édito A1_2022 LE.pdf
U10P02-G04-E01,10,2,U10P02,"L’entreprise, la vie professionnelle",153,4,Les outils de communication,1,"le mail, le courriel",电子邮件,/lə mɛl / lə kuʁjɛl/,manual_draft_review_needed,printed_bullet,"le mail, le courriel","le mail, le courriel",Édito A1_2022 LE.pdf
U10P02-G04-E02,10,2,U10P02,"L’entreprise, la vie professionnelle",153,4,Les outils de communication,2,l’ordinateur (portable) (m.),电脑；笔记本电脑,/lɔʁdinatœʁ / lɔʁdinatœʁ pɔʁtabl/,manual_draft_review_needed,printed_bullet,l’ordinateur (portable) (m.),l’ordinateur (portable) (m.),Édito A1_2022 LE.pdf
U10P02-G04-E03,10,2,U10P02,"L’entreprise, la vie professionnelle",153,4,Les outils de communication,3,"le téléphone, le smartphone",电话；智能手机,/lə telefɔn / lə smaʁtfɔn/,manual_draft_review_needed,printed_bullet,"le téléphone, le smartphone","le téléphone, le smartphone",Édito A1_2022 LE.pdf
U10P02-G04-E04,10,2,U10P02,"L’entreprise, la vie professionnelle",153,4,Les outils de communication,4,la visioconférence,视频会议,/la vizjokɔ̃feʁɑ̃s/,manual_draft_review_needed,printed_bullet,la visioconférence,la visioconférence,Édito A1_2022 LE.pdf
U10P02-G05-E01,10,2,U10P02,"L’entreprise, la vie professionnelle",153,5,Les personnes,1,"le chef, la cheffe",主管；上司（男／女）,/lə ʃɛf / la ʃɛf/,manual_draft_review_needed,printed_bullet,"le chef, la cheffe","le chef, la cheffe",Édito A1_2022 LE.pdf
U10P02-G05-E02,10,2,U10P02,"L’entreprise, la vie professionnelle",153,5,Les personnes,2,le/la collègue,同事（男／女）,/lə kɔlɛɡ / la kɔlɛɡ/,manual_draft_review_needed,printed_bullet,le/la collègue,le/la collègue,Édito A1_2022 LE.pdf
U10P02-G05-E03,10,2,U10P02,"L’entreprise, la vie professionnelle",153,5,Les personnes,3,"le directeur, la directrice",经理；负责人；主任（男／女）,/lə diʁɛktœʁ / la diʁɛktʁis/,manual_draft_review_needed,printed_bullet,"le directeur, la directrice","le directeur, la directrice",Édito A1_2022 LE.pdf
U10P02-G05-E04,10,2,U10P02,"L’entreprise, la vie professionnelle",153,5,Les personnes,4,l’équipe (f.),团队；队伍,/lekip/,espeak_draft_review_needed,printed_bullet,l’équipe (f.),l’équipe (f.),Édito A1_2022 LE.pdf
U10P02-G05-E05,10,2,U10P02,"L’entreprise, la vie professionnelle",153,5,Les personnes,5,le/la responsable,负责人（男／女）,/lə ʁɛspɔ̃sabl / la ʁɛspɔ̃sabl/,manual_draft_review_needed,printed_bullet,le/la responsable,le/la responsable,Édito A1_2022 LE.pdf
